Workbook

Sheet 기준값
A1: 항목 | B1: 값 | C1: 단위 | D1: 근거
A2: 건유·육성우동 휴식 공간 | B2: 850 | C2: m² | D2: 평면도 v3 (17×50)
A3: 착유장 휴식 공간 | B3: 518 | C3: m² | D3: 평면도 v3 (14×37)
A4: 교반 면적 합계 | B4: 1368 | C4: m² | D4: 휴식 공간 합계
A5: 교반 주기 | B5: 2 | C5: 회/일 | D5: SOP-M1 v1.0 (아침·저녁)
A6: 로봇 목표 작업능률 | B6: 1500 | C6: m²/hr | D6: 1차년도 계획서
A7: 로봇 목표 미작업률 | B7: 10 | C7: % | D7: 1차년도 계획서
A8: 로봇 목표 교반깊이 오차 | B8: 20 | C8: mm | D8: 1차년도 계획서
A9: 설정 교반 깊이 | C9: cm | D9: 실측 후 기재
A10: 트랙터 | B10: 56 | C10: HP | D10: 〔모델〕

Sheet 일일교반
A1: 일자 | B1: 회차 | C1: 동 | D1: 시작 | E1: 종료 | F1: 소요(분) | G1: 작업자 | H1: 표준동일(Y/N) | I1: 왕복(회) | J1: 소회피정지(회) | K1: 미교반(m²,추정) | L1: 수분(1-5) | M1: 냄새(1-5) | N1: 덩어리·과습 | O1: 톱밥추가(m³) | P1: 피트모스추가(m³) | Q1: 주유(L) | R1: 영수증번호 | S1: 이탈(Y/N) | T1: 특이사항 | U1: 휴식공간(m²) | V1: 작업능률(m²/hr) | W1: 미작업률(%)
F2: =IF(AND(D2<>"",E2<>""),ROUND((E2-D2)*1440,0),"") | U2: =IF(C2="착유장",기준값!$B$3,IF(C2="건유·육성우동",기준값!$B$2,"")) | V2: =IF(AND(F2<>"",F2>0,U2<>""),ROUND((U2-N(K2))/(F2/60),0),"") | W2: =IF(U2<>"",ROUND(N(K2)/U2*100,1),"")
F3: =IF(AND(D3<>"",E3<>""),ROUND((E3-D3)*1440,0),"") | U3: =IF(C3="착유장",기준값!$B$3,IF(C3="건유·육성우동",기준값!$B$2,"")) | V3: =IF(AND(F3<>"",F3>0,U3<>""),ROUND((U3-N(K3))/(F3/60),0),"") | W3: =IF(U3<>"",ROUND(N(K3)/U3*100,1),"")
F4: =IF(AND(D4<>"",E4<>""),ROUND((E4-D4)*1440,0),"") | U4: =IF(C4="착유장",기준값!$B$3,IF(C4="건유·육성우동",기준값!$B$2,"")) | V4: =IF(AND(F4<>"",F4>0,U4<>""),ROUND((U4-N(K4))/(F4/60),0),"") | W4: =IF(U4<>"",ROUND(N(K4)/U4*100,1),"")
F5: =IF(AND(D5<>"",E5<>""),ROUND((E5-D5)*1440,0),"") | U5: =IF(C5="착유장",기준값!$B$3,IF(C5="건유·육성우동",기준값!$B$2,"")) | V5: =IF(AND(F5<>"",F5>0,U5<>""),ROUND((U5-N(K5))/(F5/60),0),"") | W5: =IF(U5<>"",ROUND(N(K5)/U5*100,1),"")
F6: =IF(AND(D6<>"",E6<>""),ROUND((E6-D6)*1440,0),"") | U6: =IF(C6="착유장",기준값!$B$3,IF(C6="건유·육성우동",기준값!$B$2,"")) | V6: =IF(AND(F6<>"",F6>0,U6<>""),ROUND((U6-N(K6))/(F6/60),0),"") | W6: =IF(U6<>"",ROUND(N(K6)/U6*100,1),"")
F7: =IF(AND(D7<>"",E7<>""),ROUND((E7-D7)*1440,0),"") | U7: =IF(C7="착유장",기준값!$B$3,IF(C7="건유·육성우동",기준값!$B$2,"")) | V7: =IF(AND(F7<>"",F7>0,U7<>""),ROUND((U7-N(K7))/(F7/60),0),"") | W7: =IF(U7<>"",ROUND(N(K7)/U7*100,1),"")
F8: =IF(AND(D8<>"",E8<>""),ROUND((E8-D8)*1440,0),"") | U8: =IF(C8="착유장",기준값!$B$3,IF(C8="건유·육성우동",기준값!$B$2,"")) | V8: =IF(AND(F8<>"",F8>0,U8<>""),ROUND((U8-N(K8))/(F8/60),0),"") | W8: =IF(U8<>"",ROUND(N(K8)/U8*100,1),"")
F9: =IF(AND(D9<>"",E9<>""),ROUND((E9-D9)*1440,0),"") | U9: =IF(C9="착유장",기준값!$B$3,IF(C9="건유·육성우동",기준값!$B$2,"")) | V9: =IF(AND(F9<>"",F9>0,U9<>""),ROUND((U9-N(K9))/(F9/60),0),"") | W9: =IF(U9<>"",ROUND(N(K9)/U9*100,1),"")
F10: =IF(AND(D10<>"",E10<>""),ROUND((E10-D10)*1440,0),"") | U10: =IF(C10="착유장",기준값!$B$3,IF(C10="건유·육성우동",기준값!$B$2,"")) | V10: =IF(AND(F10<>"",F10>0,U10<>""),ROUND((U10-N(K10))/(F10/60),0),"") | W10: =IF(U10<>"",ROUND(N(K10)/U10*100,1),"")
F11: =IF(AND(D11<>"",E11<>""),ROUND((E11-D11)*1440,0),"") | U11: =IF(C11="착유장",기준값!$B$3,IF(C11="건유·육성우동",기준값!$B$2,"")) | V11: =IF(AND(F11<>"",F11>0,U11<>""),ROUND((U11-N(K11))/(F11/60),0),"") | W11: =IF(U11<>"",ROUND(N(K11)/U11*100,1),"")
F12: =IF(AND(D12<>"",E12<>""),ROUND((E12-D12)*1440,0),"") | U12: =IF(C12="착유장",기준값!$B$3,IF(C12="건유·육성우동",기준값!$B$2,"")) | V12: =IF(AND(F12<>"",F12>0,U12<>""),ROUND((U12-N(K12))/(F12/60),0),"") | W12: =IF(U12<>"",ROUND(N(K12)/U12*100,1),"")
F13: =IF(AND(D13<>"",E13<>""),ROUND((E13-D13)*1440,0),"") | U13: =IF(C13="착유장",기준값!$B$3,IF(C13="건유·육성우동",기준값!$B$2,"")) | V13: =IF(AND(F13<>"",F13>0,U13<>""),ROUND((U13-N(K13))/(F13/60),0),"") | W13: =IF(U13<>"",ROUND(N(K13)/U13*100,1),"")
... F1201: =IF(AND(D1201<>"",E1201<>""),ROUND((E1201-D1201)*1440,0),"") | U1201: =IF(C1201="착유장",기준값!$B$3,IF(C1201="건유·육성우동",기준값!$B$2,"")) | V1201: =IF(AND(F1201<>"",F1201>0,U1201<>""),ROUND((U1201-N(K1201))/(F1201/60),0),"") | W1201: =IF(U1201<>"",ROUND(N(K1201)/U1201*100,1),"")

Sheet 주간측정
A1: 측정일 | B1: 동 | C1: 두께1 | D1: 두께2 | E1: 두께3 | F1: 두께4 | G1: 두께5 | H1: 두께평균(cm) | I1: 깊이1 | J1: 깊이2 | K1: 깊이3 | L1: 깊이평균(cm) | M1: 깊이오차(mm) | N1: 표층온도평균(℃) | O1: 20cm온도평균(℃) | P1: 수분등급평균 | Q1: 수분계(%) | R1: NH3 전(ppm) | S1: NH3 후(ppm) | T1: 비고
H2: =IF(COUNT(C2:G2)>0,ROUND(AVERAGE(C2:G2),1),"") | L2: =IF(COUNT(I2:K2)>0,ROUND(AVERAGE(I2:K2),1),"") | M2: =IF(AND(L2<>"",기준값!$B$9<>""),ROUND((L2-기준값!$B$9)*10,0),"")
H3: =IF(COUNT(C3:G3)>0,ROUND(AVERAGE(C3:G3),1),"") | L3: =IF(COUNT(I3:K3)>0,ROUND(AVERAGE(I3:K3),1),"") | M3: =IF(AND(L3<>"",기준값!$B$9<>""),ROUND((L3-기준값!$B$9)*10,0),"")
H4: =IF(COUNT(C4:G4)>0,ROUND(AVERAGE(C4:G4),1),"") | L4: =IF(COUNT(I4:K4)>0,ROUND(AVERAGE(I4:K4),1),"") | M4: =IF(AND(L4<>"",기준값!$B$9<>""),ROUND((L4-기준값!$B$9)*10,0),"")
H5: =IF(COUNT(C5:G5)>0,ROUND(AVERAGE(C5:G5),1),"") | L5: =IF(COUNT(I5:K5)>0,ROUND(AVERAGE(I5:K5),1),"") | M5: =IF(AND(L5<>"",기준값!$B$9<>""),ROUND((L5-기준값!$B$9)*10,0),"")
H6: =IF(COUNT(C6:G6)>0,ROUND(AVERAGE(C6:G6),1),"") | L6: =IF(COUNT(I6:K6)>0,ROUND(AVERAGE(I6:K6),1),"") | M6: =IF(AND(L6<>"",기준값!$B$9<>""),ROUND((L6-기준값!$B$9)*10,0),"")
H7: =IF(COUNT(C7:G7)>0,ROUND(AVERAGE(C7:G7),1),"") | L7: =IF(COUNT(I7:K7)>0,ROUND(AVERAGE(I7:K7),1),"") | M7: =IF(AND(L7<>"",기준값!$B$9<>""),ROUND((L7-기준값!$B$9)*10,0),"")
H8: =IF(COUNT(C8:G8)>0,ROUND(AVERAGE(C8:G8),1),"") | L8: =IF(COUNT(I8:K8)>0,ROUND(AVERAGE(I8:K8),1),"") | M8: =IF(AND(L8<>"",기준값!$B$9<>""),ROUND((L8-기준값!$B$9)*10,0),"")
H9: =IF(COUNT(C9:G9)>0,ROUND(AVERAGE(C9:G9),1),"") | L9: =IF(COUNT(I9:K9)>0,ROUND(AVERAGE(I9:K9),1),"") | M9: =IF(AND(L9<>"",기준값!$B$9<>""),ROUND((L9-기준값!$B$9)*10,0),"")
H10: =IF(COUNT(C10:G10)>0,ROUND(AVERAGE(C10:G10),1),"") | L10: =IF(COUNT(I10:K10)>0,ROUND(AVERAGE(I10:K10),1),"") | M10: =IF(AND(L10<>"",기준값!$B$9<>""),ROUND((L10-기준값!$B$9)*10,0),"")
H11: =IF(COUNT(C11:G11)>0,ROUND(AVERAGE(C11:G11),1),"") | L11: =IF(COUNT(I11:K11)>0,ROUND(AVERAGE(I11:K11),1),"") | M11: =IF(AND(L11<>"",기준값!$B$9<>""),ROUND((L11-기준값!$B$9)*10,0),"")
H12: =IF(COUNT(C12:G12)>0,ROUND(AVERAGE(C12:G12),1),"") | L12: =IF(COUNT(I12:K12)>0,ROUND(AVERAGE(I12:K12),1),"") | M12: =IF(AND(L12<>"",기준값!$B$9<>""),ROUND((L12-기준값!$B$9)*10,0),"")
H13: =IF(COUNT(C13:G13)>0,ROUND(AVERAGE(C13:G13),1),"") | L13: =IF(COUNT(I13:K13)>0,ROUND(AVERAGE(I13:K13),1),"") | M13: =IF(AND(L13<>"",기준값!$B$9<>""),ROUND((L13-기준값!$B$9)*10,0),"")
... H201: =IF(COUNT(C201:G201)>0,ROUND(AVERAGE(C201:G201),1),"") | L201: =IF(COUNT(I201:K201)>0,ROUND(AVERAGE(I201:K201),1),"") | M201: =IF(AND(L201<>"",기준값!$B$9<>""),ROUND((L201-기준값!$B$9)*10,0),"")

Sheet 주간요약
A1: 주 시작(월) | B1: 주 종료(일) | C1: 동 | D1: 교반 수행(회) | E1: 평균 소요(분) | F1: 평균 능률(m²/hr) | G1: 평균 미작업률(%) | H1: 평균 소회피(회) | I1: 평균 수분 | J1: 평균 냄새 | K1: 톱밥(m³) | L1: 피트모스(m³) | M1: 주유(L) | N1: 이탈(회)
A2: =DATE(2026,11,9)+0 | B2: =A2+6 | C2: 건유·육성우동 | D2: =COUNTIFS(일일교반!$A:$A,">="&A2,일일교반!$A:$A,"<="&B2,일일교반!$C:$C,C2) | E2: =IFERROR(ROUND(AVERAGEIFS(일일교반!$F:$F,일일교반!$A:$A,">="&A2,일일교반!$A:$A,"<="&B2,일일교반!$C:$C,C2),1),"") | F2: =IFERROR(ROUND(AVERAGEIFS(일일교반!$V:$V,일일교반!$A:$A,">="&A2,일일교반!$A:$A,"<="&B2,일일교반!$C:$C,C2),1),"") | G2: =IFERROR(ROUND(AVERAGEIFS(일일교반!$W:$W,일일교반!$A:$A,">="&A2,일일교반!$A:$A,"<="&B2,일일교반!$C:$C,C2),1),"") | H2: =IFERROR(ROUND(AVERAGEIFS(일일교반!$J:$J,일일교반!$A:$A,">="&A2,일일교반!$A:$A,"<="&B2,일일교반!$C:$C,C2),1),"") | I2: =IFERROR(ROUND(AVERAGEIFS(일일교반!$L:$L,일일교반!$A:$A,">="&A2,일일교반!$A:$A,"<="&B2,일일교반!$C:$C,C2),1),"") | J2: =IFERROR(ROUND(AVERAGEIFS(일일교반!$M:$M,일일교반!$A:$A,">="&A2,일일교반!$A:$A,"<="&B2,일일교반!$C:$C,C2),1),"") | K2: =SUMIFS(일일교반!$O:$O,일일교반!$A:$A,">="&A2,일일교반!$A:$A,"<="&B2,일일교반!$C:$C,C2) | L2: =SUMIFS(일일교반!$P:$P,일일교반!$A:$A,">="&A2,일일교반!$A:$A,"<="&B2,일일교반!$C:$C,C2) | M2: =SUMIFS(일일교반!$Q:$Q,일일교반!$A:$A,">="&A2,일일교반!$A:$A,"<="&B2,일일교반!$C:$C,C2) | N2: =COUNTIFS(일일교반!$A:$A,">="&A2,일일교반!$A:$A,"<="&B2,일일교반!$C:$C,C2,일일교반!$S:$S,"Y")
A3: =DATE(2026,11,9)+0 | B3: =A3+6 | C3: 착유장 | D3: =COUNTIFS(일일교반!$A:$A,">="&A3,일일교반!$A:$A,"<="&B3,일일교반!$C:$C,C3) | E3: =IFERROR(ROUND(AVERAGEIFS(일일교반!$F:$F,일일교반!$A:$A,">="&A3,일일교반!$A:$A,"<="&B3,일일교반!$C:$C,C3),1),"") | F3: =IFERROR(ROUND(AVERAGEIFS(일일교반!$V:$V,일일교반!$A:$A,">="&A3,일일교반!$A:$A,"<="&B3,일일교반!$C:$C,C3),1),"") | G3: =IFERROR(ROUND(AVERAGEIFS(일일교반!$W:$W,일일교반!$A:$A,">="&A3,일일교반!$A:$A,"<="&B3,일일교반!$C:$C,C3),1),"") | H3: =IFERROR(ROUND(AVERAGEIFS(일일교반!$J:$J,일일교반!$A:$A,">="&A3,일일교반!$A:$A,"<="&B3,일일교반!$C:$C,C3),1),"") | I3: =IFERROR(ROUND(AVERAGEIFS(일일교반!$L:$L,일일교반!$A:$A,">="&A3,일일교반!$A:$A,"<="&B3,일일교반!$C:$C,C3),1),"") | J3: =IFERROR(ROUND(AVERAGEIFS(일일교반!$M:$M,일일교반!$A:$A,">="&A3,일일교반!$A:$A,"<="&B3,일일교반!$C:$C,C3),1),"") | K3: =SUMIFS(일일교반!$O:$O,일일교반!$A:$A,">="&A3,일일교반!$A:$A,"<="&B3,일일교반!$C:$C,C3) | L3: =SUMIFS(일일교반!$P:$P,일일교반!$A:$A,">="&A3,일일교반!$A:$A,"<="&B3,일일교반!$C:$C,C3) | M3: =SUMIFS(일일교반!$Q:$Q,일일교반!$A:$A,">="&A3,일일교반!$A:$A,"<="&B3,일일교반!$C:$C,C3) | N3: =COUNTIFS(일일교반!$A:$A,">="&A3,일일교반!$A:$A,"<="&B3,일일교반!$C:$C,C3,일일교반!$S:$S,"Y")
A4: =DATE(2026,11,9)+7 | B4: =A4+6 | C4: 건유·육성우동 | D4: =COUNTIFS(일일교반!$A:$A,">="&A4,일일교반!$A:$A,"<="&B4,일일교반!$C:$C,C4) | E4: =IFERROR(ROUND(AVERAGEIFS(일일교반!$F:$F,일일교반!$A:$A,">="&A4,일일교반!$A:$A,"<="&B4,일일교반!$C:$C,C4),1),"") | F4: =IFERROR(ROUND(AVERAGEIFS(일일교반!$V:$V,일일교반!$A:$A,">="&A4,일일교반!$A:$A,"<="&B4,일일교반!$C:$C,C4),1),"") | G4: =IFERROR(ROUND(AVERAGEIFS(일일교반!$W:$W,일일교반!$A:$A,">="&A4,일일교반!$A:$A,"<="&B4,일일교반!$C:$C,C4),1),"") | H4: =IFERROR(ROUND(AVERAGEIFS(일일교반!$J:$J,일일교반!$A:$A,">="&A4,일일교반!$A:$A,"<="&B4,일일교반!$C:$C,C4),1),"") | I4: =IFERROR(ROUND(AVERAGEIFS(일일교반!$L:$L,일일교반!$A:$A,">="&A4,일일교반!$A:$A,"<="&B4,일일교반!$C:$C,C4),1),"") | J4: =IFERROR(ROUND(AVERAGEIFS(일일교반!$M:$M,일일교반!$A:$A,">="&A4,일일교반!$A:$A,"<="&B4,일일교반!$C:$C,C4),1),"") | K4: =SUMIFS(일일교반!$O:$O,일일교반!$A:$A,">="&A4,일일교반!$A:$A,"<="&B4,일일교반!$C:$C,C4) | L4: =SUMIFS(일일교반!$P:$P,일일교반!$A:$A,">="&A4,일일교반!$A:$A,"<="&B4,일일교반!$C:$C,C4) | M4: =SUMIFS(일일교반!$Q:$Q,일일교반!$A:$A,">="&A4,일일교반!$A:$A,"<="&B4,일일교반!$C:$C,C4) | N4: =COUNTIFS(일일교반!$A:$A,">="&A4,일일교반!$A:$A,"<="&B4,일일교반!$C:$C,C4,일일교반!$S:$S,"Y")
A5: =DATE(2026,11,9)+7 | B5: =A5+6 | C5: 착유장 | D5: =COUNTIFS(일일교반!$A:$A,">="&A5,일일교반!$A:$A,"<="&B5,일일교반!$C:$C,C5) | E5: =IFERROR(ROUND(AVERAGEIFS(일일교반!$F:$F,일일교반!$A:$A,">="&A5,일일교반!$A:$A,"<="&B5,일일교반!$C:$C,C5),1),"") | F5: =IFERROR(ROUND(AVERAGEIFS(일일교반!$V:$V,일일교반!$A:$A,">="&A5,일일교반!$A:$A,"<="&B5,일일교반!$C:$C,C5),1),"") | G5: =IFERROR(ROUND(AVERAGEIFS(일일교반!$W:$W,일일교반!$A:$A,">="&A5,일일교반!$A:$A,"<="&B5,일일교반!$C:$C,C5),1),"") | H5: =IFERROR(ROUND(AVERAGEIFS(일일교반!$J:$J,일일교반!$A:$A,">="&A5,일일교반!$A:$A,"<="&B5,일일교반!$C:$C,C5),1),"") | I5: =IFERROR(ROUND(AVERAGEIFS(일일교반!$L:$L,일일교반!$A:$A,">="&A5,일일교반!$A:$A,"<="&B5,일일교반!$C:$C,C5),1),"") | J5: =IFERROR(ROUND(AVERAGEIFS(일일교반!$M:$M,일일교반!$A:$A,">="&A5,일일교반!$A:$A,"<="&B5,일일교반!$C:$C,C5),1),"") | K5: =SUMIFS(일일교반!$O:$O,일일교반!$A:$A,">="&A5,일일교반!$A:$A,"<="&B5,일일교반!$C:$C,C5) | L5: =SUMIFS(일일교반!$P:$P,일일교반!$A:$A,">="&A5,일일교반!$A:$A,"<="&B5,일일교반!$C:$C,C5) | M5: =SUMIFS(일일교반!$Q:$Q,일일교반!$A:$A,">="&A5,일일교반!$A:$A,"<="&B5,일일교반!$C:$C,C5) | N5: =COUNTIFS(일일교반!$A:$A,">="&A5,일일교반!$A:$A,"<="&B5,일일교반!$C:$C,C5,일일교반!$S:$S,"Y")
A6: =DATE(2026,11,9)+14 | B6: =A6+6 | C6: 건유·육성우동 | D6: =COUNTIFS(일일교반!$A:$A,">="&A6,일일교반!$A:$A,"<="&B6,일일교반!$C:$C,C6) | E6: =IFERROR(ROUND(AVERAGEIFS(일일교반!$F:$F,일일교반!$A:$A,">="&A6,일일교반!$A:$A,"<="&B6,일일교반!$C:$C,C6),1),"") | F6: =IFERROR(ROUND(AVERAGEIFS(일일교반!$V:$V,일일교반!$A:$A,">="&A6,일일교반!$A:$A,"<="&B6,일일교반!$C:$C,C6),1),"") | G6: =IFERROR(ROUND(AVERAGEIFS(일일교반!$W:$W,일일교반!$A:$A,">="&A6,일일교반!$A:$A,"<="&B6,일일교반!$C:$C,C6),1),"") | H6: =IFERROR(ROUND(AVERAGEIFS(일일교반!$J:$J,일일교반!$A:$A,">="&A6,일일교반!$A:$A,"<="&B6,일일교반!$C:$C,C6),1),"") | I6: =IFERROR(ROUND(AVERAGEIFS(일일교반!$L:$L,일일교반!$A:$A,">="&A6,일일교반!$A:$A,"<="&B6,일일교반!$C:$C,C6),1),"") | J6: =IFERROR(ROUND(AVERAGEIFS(일일교반!$M:$M,일일교반!$A:$A,">="&A6,일일교반!$A:$A,"<="&B6,일일교반!$C:$C,C6),1),"") | K6: =SUMIFS(일일교반!$O:$O,일일교반!$A:$A,">="&A6,일일교반!$A:$A,"<="&B6,일일교반!$C:$C,C6) | L6: =SUMIFS(일일교반!$P:$P,일일교반!$A:$A,">="&A6,일일교반!$A:$A,"<="&B6,일일교반!$C:$C,C6) | M6: =SUMIFS(일일교반!$Q:$Q,일일교반!$A:$A,">="&A6,일일교반!$A:$A,"<="&B6,일일교반!$C:$C,C6) | N6: =COUNTIFS(일일교반!$A:$A,">="&A6,일일교반!$A:$A,"<="&B6,일일교반!$C:$C,C6,일일교반!$S:$S,"Y")
A7: =DATE(2026,11,9)+14 | B7: =A7+6 | C7: 착유장 | D7: =COUNTIFS(일일교반!$A:$A,">="&A7,일일교반!$A:$A,"<="&B7,일일교반!$C:$C,C7) | E7: =IFERROR(ROUND(AVERAGEIFS(일일교반!$F:$F,일일교반!$A:$A,">="&A7,일일교반!$A:$A,"<="&B7,일일교반!$C:$C,C7),1),"") | F7: =IFERROR(ROUND(AVERAGEIFS(일일교반!$V:$V,일일교반!$A:$A,">="&A7,일일교반!$A:$A,"<="&B7,일일교반!$C:$C,C7),1),"") | G7: =IFERROR(ROUND(AVERAGEIFS(일일교반!$W:$W,일일교반!$A:$A,">="&A7,일일교반!$A:$A,"<="&B7,일일교반!$C:$C,C7),1),"") | H7: =IFERROR(ROUND(AVERAGEIFS(일일교반!$J:$J,일일교반!$A:$A,">="&A7,일일교반!$A:$A,"<="&B7,일일교반!$C:$C,C7),1),"") | I7: =IFERROR(ROUND(AVERAGEIFS(일일교반!$L:$L,일일교반!$A:$A,">="&A7,일일교반!$A:$A,"<="&B7,일일교반!$C:$C,C7),1),"") | J7: =IFERROR(ROUND(AVERAGEIFS(일일교반!$M:$M,일일교반!$A:$A,">="&A7,일일교반!$A:$A,"<="&B7,일일교반!$C:$C,C7),1),"") | K7: =SUMIFS(일일교반!$O:$O,일일교반!$A:$A,">="&A7,일일교반!$A:$A,"<="&B7,일일교반!$C:$C,C7) | L7: =SUMIFS(일일교반!$P:$P,일일교반!$A:$A,">="&A7,일일교반!$A:$A,"<="&B7,일일교반!$C:$C,C7) | M7: =SUMIFS(일일교반!$Q:$Q,일일교반!$A:$A,">="&A7,일일교반!$A:$A,"<="&B7,일일교반!$C:$C,C7) | N7: =COUNTIFS(일일교반!$A:$A,">="&A7,일일교반!$A:$A,"<="&B7,일일교반!$C:$C,C7,일일교반!$S:$S,"Y")
A8: =DATE(2026,11,9)+21 | B8: =A8+6 | C8: 건유·육성우동 | D8: =COUNTIFS(일일교반!$A:$A,">="&A8,일일교반!$A:$A,"<="&B8,일일교반!$C:$C,C8) | E8: =IFERROR(ROUND(AVERAGEIFS(일일교반!$F:$F,일일교반!$A:$A,">="&A8,일일교반!$A:$A,"<="&B8,일일교반!$C:$C,C8),1),"") | F8: =IFERROR(ROUND(AVERAGEIFS(일일교반!$V:$V,일일교반!$A:$A,">="&A8,일일교반!$A:$A,"<="&B8,일일교반!$C:$C,C8),1),"") | G8: =IFERROR(ROUND(AVERAGEIFS(일일교반!$W:$W,일일교반!$A:$A,">="&A8,일일교반!$A:$A,"<="&B8,일일교반!$C:$C,C8),1),"") | H8: =IFERROR(ROUND(AVERAGEIFS(일일교반!$J:$J,일일교반!$A:$A,">="&A8,일일교반!$A:$A,"<="&B8,일일교반!$C:$C,C8),1),"") | I8: =IFERROR(ROUND(AVERAGEIFS(일일교반!$L:$L,일일교반!$A:$A,">="&A8,일일교반!$A:$A,"<="&B8,일일교반!$C:$C,C8),1),"") | J8: =IFERROR(ROUND(AVERAGEIFS(일일교반!$M:$M,일일교반!$A:$A,">="&A8,일일교반!$A:$A,"<="&B8,일일교반!$C:$C,C8),1),"") | K8: =SUMIFS(일일교반!$O:$O,일일교반!$A:$A,">="&A8,일일교반!$A:$A,"<="&B8,일일교반!$C:$C,C8) | L8: =SUMIFS(일일교반!$P:$P,일일교반!$A:$A,">="&A8,일일교반!$A:$A,"<="&B8,일일교반!$C:$C,C8) | M8: =SUMIFS(일일교반!$Q:$Q,일일교반!$A:$A,">="&A8,일일교반!$A:$A,"<="&B8,일일교반!$C:$C,C8) | N8: =COUNTIFS(일일교반!$A:$A,">="&A8,일일교반!$A:$A,"<="&B8,일일교반!$C:$C,C8,일일교반!$S:$S,"Y")
A9: =DATE(2026,11,9)+21 | B9: =A9+6 | C9: 착유장 | D9: =COUNTIFS(일일교반!$A:$A,">="&A9,일일교반!$A:$A,"<="&B9,일일교반!$C:$C,C9) | E9: =IFERROR(ROUND(AVERAGEIFS(일일교반!$F:$F,일일교반!$A:$A,">="&A9,일일교반!$A:$A,"<="&B9,일일교반!$C:$C,C9),1),"") | F9: =IFERROR(ROUND(AVERAGEIFS(일일교반!$V:$V,일일교반!$A:$A,">="&A9,일일교반!$A:$A,"<="&B9,일일교반!$C:$C,C9),1),"") | G9: =IFERROR(ROUND(AVERAGEIFS(일일교반!$W:$W,일일교반!$A:$A,">="&A9,일일교반!$A:$A,"<="&B9,일일교반!$C:$C,C9),1),"") | H9: =IFERROR(ROUND(AVERAGEIFS(일일교반!$J:$J,일일교반!$A:$A,">="&A9,일일교반!$A:$A,"<="&B9,일일교반!$C:$C,C9),1),"") | I9: =IFERROR(ROUND(AVERAGEIFS(일일교반!$L:$L,일일교반!$A:$A,">="&A9,일일교반!$A:$A,"<="&B9,일일교반!$C:$C,C9),1),"") | J9: =IFERROR(ROUND(AVERAGEIFS(일일교반!$M:$M,일일교반!$A:$A,">="&A9,일일교반!$A:$A,"<="&B9,일일교반!$C:$C,C9),1),"") | K9: =SUMIFS(일일교반!$O:$O,일일교반!$A:$A,">="&A9,일일교반!$A:$A,"<="&B9,일일교반!$C:$C,C9) | L9: =SUMIFS(일일교반!$P:$P,일일교반!$A:$A,">="&A9,일일교반!$A:$A,"<="&B9,일일교반!$C:$C,C9) | M9: =SUMIFS(일일교반!$Q:$Q,일일교반!$A:$A,">="&A9,일일교반!$A:$A,"<="&B9,일일교반!$C:$C,C9) | N9: =COUNTIFS(일일교반!$A:$A,">="&A9,일일교반!$A:$A,"<="&B9,일일교반!$C:$C,C9,일일교반!$S:$S,"Y")
A10: =DATE(2026,11,9)+28 | B10: =A10+6 | C10: 건유·육성우동 | D10: =COUNTIFS(일일교반!$A:$A,">="&A10,일일교반!$A:$A,"<="&B10,일일교반!$C:$C,C10) | E10: =IFERROR(ROUND(AVERAGEIFS(일일교반!$F:$F,일일교반!$A:$A,">="&A10,일일교반!$A:$A,"<="&B10,일일교반!$C:$C,C10),1),"") | F10: =IFERROR(ROUND(AVERAGEIFS(일일교반!$V:$V,일일교반!$A:$A,">="&A10,일일교반!$A:$A,"<="&B10,일일교반!$C:$C,C10),1),"") | G10: =IFERROR(ROUND(AVERAGEIFS(일일교반!$W:$W,일일교반!$A:$A,">="&A10,일일교반!$A:$A,"<="&B10,일일교반!$C:$C,C10),1),"") | H10: =IFERROR(ROUND(AVERAGEIFS(일일교반!$J:$J,일일교반!$A:$A,">="&A10,일일교반!$A:$A,"<="&B10,일일교반!$C:$C,C10),1),"") | I10: =IFERROR(ROUND(AVERAGEIFS(일일교반!$L:$L,일일교반!$A:$A,">="&A10,일일교반!$A:$A,"<="&B10,일일교반!$C:$C,C10),1),"") | J10: =IFERROR(ROUND(AVERAGEIFS(일일교반!$M:$M,일일교반!$A:$A,">="&A10,일일교반!$A:$A,"<="&B10,일일교반!$C:$C,C10),1),"") | K10: =SUMIFS(일일교반!$O:$O,일일교반!$A:$A,">="&A10,일일교반!$A:$A,"<="&B10,일일교반!$C:$C,C10) | L10: =SUMIFS(일일교반!$P:$P,일일교반!$A:$A,">="&A10,일일교반!$A:$A,"<="&B10,일일교반!$C:$C,C10) | M10: =SUMIFS(일일교반!$Q:$Q,일일교반!$A:$A,">="&A10,일일교반!$A:$A,"<="&B10,일일교반!$C:$C,C10) | N10: =COUNTIFS(일일교반!$A:$A,">="&A10,일일교반!$A:$A,"<="&B10,일일교반!$C:$C,C10,일일교반!$S:$S,"Y")
A11: =DATE(2026,11,9)+28 | B11: =A11+6 | C11: 착유장 | D11: =COUNTIFS(일일교반!$A:$A,">="&A11,일일교반!$A:$A,"<="&B11,일일교반!$C:$C,C11) | E11: =IFERROR(ROUND(AVERAGEIFS(일일교반!$F:$F,일일교반!$A:$A,">="&A11,일일교반!$A:$A,"<="&B11,일일교반!$C:$C,C11),1),"") | F11: =IFERROR(ROUND(AVERAGEIFS(일일교반!$V:$V,일일교반!$A:$A,">="&A11,일일교반!$A:$A,"<="&B11,일일교반!$C:$C,C11),1),"") | G11: =IFERROR(ROUND(AVERAGEIFS(일일교반!$W:$W,일일교반!$A:$A,">="&A11,일일교반!$A:$A,"<="&B11,일일교반!$C:$C,C11),1),"") | H11: =IFERROR(ROUND(AVERAGEIFS(일일교반!$J:$J,일일교반!$A:$A,">="&A11,일일교반!$A:$A,"<="&B11,일일교반!$C:$C,C11),1),"") | I11: =IFERROR(ROUND(AVERAGEIFS(일일교반!$L:$L,일일교반!$A:$A,">="&A11,일일교반!$A:$A,"<="&B11,일일교반!$C:$C,C11),1),"") | J11: =IFERROR(ROUND(AVERAGEIFS(일일교반!$M:$M,일일교반!$A:$A,">="&A11,일일교반!$A:$A,"<="&B11,일일교반!$C:$C,C11),1),"") | K11: =SUMIFS(일일교반!$O:$O,일일교반!$A:$A,">="&A11,일일교반!$A:$A,"<="&B11,일일교반!$C:$C,C11) | L11: =SUMIFS(일일교반!$P:$P,일일교반!$A:$A,">="&A11,일일교반!$A:$A,"<="&B11,일일교반!$C:$C,C11) | M11: =SUMIFS(일일교반!$Q:$Q,일일교반!$A:$A,">="&A11,일일교반!$A:$A,"<="&B11,일일교반!$C:$C,C11) | N11: =COUNTIFS(일일교반!$A:$A,">="&A11,일일교반!$A:$A,"<="&B11,일일교반!$C:$C,C11,일일교반!$S:$S,"Y")
A12: =DATE(2026,11,9)+35 | B12: =A12+6 | C12: 건유·육성우동 | D12: =COUNTIFS(일일교반!$A:$A,">="&A12,일일교반!$A:$A,"<="&B12,일일교반!$C:$C,C12) | E12: =IFERROR(ROUND(AVERAGEIFS(일일교반!$F:$F,일일교반!$A:$A,">="&A12,일일교반!$A:$A,"<="&B12,일일교반!$C:$C,C12),1),"") | F12: =IFERROR(ROUND(AVERAGEIFS(일일교반!$V:$V,일일교반!$A:$A,">="&A12,일일교반!$A:$A,"<="&B12,일일교반!$C:$C,C12),1),"") | G12: =IFERROR(ROUND(AVERAGEIFS(일일교반!$W:$W,일일교반!$A:$A,">="&A12,일일교반!$A:$A,"<="&B12,일일교반!$C:$C,C12),1),"") | H12: =IFERROR(ROUND(AVERAGEIFS(일일교반!$J:$J,일일교반!$A:$A,">="&A12,일일교반!$A:$A,"<="&B12,일일교반!$C:$C,C12),1),"") | I12: =IFERROR(ROUND(AVERAGEIFS(일일교반!$L:$L,일일교반!$A:$A,">="&A12,일일교반!$A:$A,"<="&B12,일일교반!$C:$C,C12),1),"") | J12: =IFERROR(ROUND(AVERAGEIFS(일일교반!$M:$M,일일교반!$A:$A,">="&A12,일일교반!$A:$A,"<="&B12,일일교반!$C:$C,C12),1),"") | K12: =SUMIFS(일일교반!$O:$O,일일교반!$A:$A,">="&A12,일일교반!$A:$A,"<="&B12,일일교반!$C:$C,C12) | L12: =SUMIFS(일일교반!$P:$P,일일교반!$A:$A,">="&A12,일일교반!$A:$A,"<="&B12,일일교반!$C:$C,C12) | M12: =SUMIFS(일일교반!$Q:$Q,일일교반!$A:$A,">="&A12,일일교반!$A:$A,"<="&B12,일일교반!$C:$C,C12) | N12: =COUNTIFS(일일교반!$A:$A,">="&A12,일일교반!$A:$A,"<="&B12,일일교반!$C:$C,C12,일일교반!$S:$S,"Y")
A13: =DATE(2026,11,9)+35 | B13: =A13+6 | C13: 착유장 | D13: =COUNTIFS(일일교반!$A:$A,">="&A13,일일교반!$A:$A,"<="&B13,일일교반!$C:$C,C13) | E13: =IFERROR(ROUND(AVERAGEIFS(일일교반!$F:$F,일일교반!$A:$A,">="&A13,일일교반!$A:$A,"<="&B13,일일교반!$C:$C,C13),1),"") | F13: =IFERROR(ROUND(AVERAGEIFS(일일교반!$V:$V,일일교반!$A:$A,">="&A13,일일교반!$A:$A,"<="&B13,일일교반!$C:$C,C13),1),"") | G13: =IFERROR(ROUND(AVERAGEIFS(일일교반!$W:$W,일일교반!$A:$A,">="&A13,일일교반!$A:$A,"<="&B13,일일교반!$C:$C,C13),1),"") | H13: =IFERROR(ROUND(AVERAGEIFS(일일교반!$J:$J,일일교반!$A:$A,">="&A13,일일교반!$A:$A,"<="&B13,일일교반!$C:$C,C13),1),"") | I13: =IFERROR(ROUND(AVERAGEIFS(일일교반!$L:$L,일일교반!$A:$A,">="&A13,일일교반!$A:$A,"<="&B13,일일교반!$C:$C,C13),1),"") | J13: =IFERROR(ROUND(AVERAGEIFS(일일교반!$M:$M,일일교반!$A:$A,">="&A13,일일교반!$A:$A,"<="&B13,일일교반!$C:$C,C13),1),"") | K13: =SUMIFS(일일교반!$O:$O,일일교반!$A:$A,">="&A13,일일교반!$A:$A,"<="&B13,일일교반!$C:$C,C13) | L13: =SUMIFS(일일교반!$P:$P,일일교반!$A:$A,">="&A13,일일교반!$A:$A,"<="&B13,일일교반!$C:$C,C13) | M13: =SUMIFS(일일교반!$Q:$Q,일일교반!$A:$A,">="&A13,일일교반!$A:$A,"<="&B13,일일교반!$C:$C,C13) | N13: =COUNTIFS(일일교반!$A:$A,">="&A13,일일교반!$A:$A,"<="&B13,일일교반!$C:$C,C13,일일교반!$S:$S,"Y")
A14: =DATE(2026,11,9)+42 | B14: =A14+6 | C14: 건유·육성우동 | D14: =COUNTIFS(일일교반!$A:$A,">="&A14,일일교반!$A:$A,"<="&B14,일일교반!$C:$C,C14) | E14: =IFERROR(ROUND(AVERAGEIFS(일일교반!$F:$F,일일교반!$A:$A,">="&A14,일일교반!$A:$A,"<="&B14,일일교반!$C:$C,C14),1),"") | F14: =IFERROR(ROUND(AVERAGEIFS(일일교반!$V:$V,일일교반!$A:$A,">="&A14,일일교반!$A:$A,"<="&B14,일일교반!$C:$C,C14),1),"") | G14: =IFERROR(ROUND(AVERAGEIFS(일일교반!$W:$W,일일교반!$A:$A,">="&A14,일일교반!$A:$A,"<="&B14,일일교반!$C:$C,C14),1),"") | H14: =IFERROR(ROUND(AVERAGEIFS(일일교반!$J:$J,일일교반!$A:$A,">="&A14,일일교반!$A:$A,"<="&B14,일일교반!$C:$C,C14),1),"") | I14: =IFERROR(ROUND(AVERAGEIFS(일일교반!$L:$L,일일교반!$A:$A,">="&A14,일일교반!$A:$A,"<="&B14,일일교반!$C:$C,C14),1),"") | J14: =IFERROR(ROUND(AVERAGEIFS(일일교반!$M:$M,일일교반!$A:$A,">="&A14,일일교반!$A:$A,"<="&B14,일일교반!$C:$C,C14),1),"") | K14: =SUMIFS(일일교반!$O:$O,일일교반!$A:$A,">="&A14,일일교반!$A:$A,"<="&B14,일일교반!$C:$C,C14) | L14: =SUMIFS(일일교반!$P:$P,일일교반!$A:$A,">="&A14,일일교반!$A:$A,"<="&B14,일일교반!$C:$C,C14) | M14: =SUMIFS(일일교반!$Q:$Q,일일교반!$A:$A,">="&A14,일일교반!$A:$A,"<="&B14,일일교반!$C:$C,C14) | N14: =COUNTIFS(일일교반!$A:$A,">="&A14,일일교반!$A:$A,"<="&B14,일일교반!$C:$C,C14,일일교반!$S:$S,"Y")
A15: =DATE(2026,11,9)+42 | B15: =A15+6 | C15: 착유장 | D15: =COUNTIFS(일일교반!$A:$A,">="&A15,일일교반!$A:$A,"<="&B15,일일교반!$C:$C,C15) | E15: =IFERROR(ROUND(AVERAGEIFS(일일교반!$F:$F,일일교반!$A:$A,">="&A15,일일교반!$A:$A,"<="&B15,일일교반!$C:$C,C15),1),"") | F15: =IFERROR(ROUND(AVERAGEIFS(일일교반!$V:$V,일일교반!$A:$A,">="&A15,일일교반!$A:$A,"<="&B15,일일교반!$C:$C,C15),1),"") | G15: =IFERROR(ROUND(AVERAGEIFS(일일교반!$W:$W,일일교반!$A:$A,">="&A15,일일교반!$A:$A,"<="&B15,일일교반!$C:$C,C15),1),"") | H15: =IFERROR(ROUND(AVERAGEIFS(일일교반!$J:$J,일일교반!$A:$A,">="&A15,일일교반!$A:$A,"<="&B15,일일교반!$C:$C,C15),1),"") | I15: =IFERROR(ROUND(AVERAGEIFS(일일교반!$L:$L,일일교반!$A:$A,">="&A15,일일교반!$A:$A,"<="&B15,일일교반!$C:$C,C15),1),"") | J15: =IFERROR(ROUND(AVERAGEIFS(일일교반!$M:$M,일일교반!$A:$A,">="&A15,일일교반!$A:$A,"<="&B15,일일교반!$C:$C,C15),1),"") | K15: =SUMIFS(일일교반!$O:$O,일일교반!$A:$A,">="&A15,일일교반!$A:$A,"<="&B15,일일교반!$C:$C,C15) | L15: =SUMIFS(일일교반!$P:$P,일일교반!$A:$A,">="&A15,일일교반!$A:$A,"<="&B15,일일교반!$C:$C,C15) | M15: =SUMIFS(일일교반!$Q:$Q,일일교반!$A:$A,">="&A15,일일교반!$A:$A,"<="&B15,일일교반!$C:$C,C15) | N15: =COUNTIFS(일일교반!$A:$A,">="&A15,일일교반!$A:$A,"<="&B15,일일교반!$C:$C,C15,일일교반!$S:$S,"Y")
A16: =DATE(2026,11,9)+49 | B16: =A16+6 | C16: 건유·육성우동 | D16: =COUNTIFS(일일교반!$A:$A,">="&A16,일일교반!$A:$A,"<="&B16,일일교반!$C:$C,C16) | E16: =IFERROR(ROUND(AVERAGEIFS(일일교반!$F:$F,일일교반!$A:$A,">="&A16,일일교반!$A:$A,"<="&B16,일일교반!$C:$C,C16),1),"") | F16: =IFERROR(ROUND(AVERAGEIFS(일일교반!$V:$V,일일교반!$A:$A,">="&A16,일일교반!$A:$A,"<="&B16,일일교반!$C:$C,C16),1),"") | G16: =IFERROR(ROUND(AVERAGEIFS(일일교반!$W:$W,일일교반!$A:$A,">="&A16,일일교반!$A:$A,"<="&B16,일일교반!$C:$C,C16),1),"") | H16: =IFERROR(ROUND(AVERAGEIFS(일일교반!$J:$J,일일교반!$A:$A,">="&A16,일일교반!$A:$A,"<="&B16,일일교반!$C:$C,C16),1),"") | I16: =IFERROR(ROUND(AVERAGEIFS(일일교반!$L:$L,일일교반!$A:$A,">="&A16,일일교반!$A:$A,"<="&B16,일일교반!$C:$C,C16),1),"") | J16: =IFERROR(ROUND(AVERAGEIFS(일일교반!$M:$M,일일교반!$A:$A,">="&A16,일일교반!$A:$A,"<="&B16,일일교반!$C:$C,C16),1),"") | K16: =SUMIFS(일일교반!$O:$O,일일교반!$A:$A,">="&A16,일일교반!$A:$A,"<="&B16,일일교반!$C:$C,C16) | L16: =SUMIFS(일일교반!$P:$P,일일교반!$A:$A,">="&A16,일일교반!$A:$A,"<="&B16,일일교반!$C:$C,C16) | M16: =SUMIFS(일일교반!$Q:$Q,일일교반!$A:$A,">="&A16,일일교반!$A:$A,"<="&B16,일일교반!$C:$C,C16) | N16: =COUNTIFS(일일교반!$A:$A,">="&A16,일일교반!$A:$A,"<="&B16,일일교반!$C:$C,C16,일일교반!$S:$S,"Y")
A17: =DATE(2026,11,9)+49 | B17: =A17+6 | C17: 착유장 | D17: =COUNTIFS(일일교반!$A:$A,">="&A17,일일교반!$A:$A,"<="&B17,일일교반!$C:$C,C17) | E17: =IFERROR(ROUND(AVERAGEIFS(일일교반!$F:$F,일일교반!$A:$A,">="&A17,일일교반!$A:$A,"<="&B17,일일교반!$C:$C,C17),1),"") | F17: =IFERROR(ROUND(AVERAGEIFS(일일교반!$V:$V,일일교반!$A:$A,">="&A17,일일교반!$A:$A,"<="&B17,일일교반!$C:$C,C17),1),"") | G17: =IFERROR(ROUND(AVERAGEIFS(일일교반!$W:$W,일일교반!$A:$A,">="&A17,일일교반!$A:$A,"<="&B17,일일교반!$C:$C,C17),1),"") | H17: =IFERROR(ROUND(AVERAGEIFS(일일교반!$J:$J,일일교반!$A:$A,">="&A17,일일교반!$A:$A,"<="&B17,일일교반!$C:$C,C17),1),"") | I17: =IFERROR(ROUND(AVERAGEIFS(일일교반!$L:$L,일일교반!$A:$A,">="&A17,일일교반!$A:$A,"<="&B17,일일교반!$C:$C,C17),1),"") | J17: =IFERROR(ROUND(AVERAGEIFS(일일교반!$M:$M,일일교반!$A:$A,">="&A17,일일교반!$A:$A,"<="&B17,일일교반!$C:$C,C17),1),"") | K17: =SUMIFS(일일교반!$O:$O,일일교반!$A:$A,">="&A17,일일교반!$A:$A,"<="&B17,일일교반!$C:$C,C17) | L17: =SUMIFS(일일교반!$P:$P,일일교반!$A:$A,">="&A17,일일교반!$A:$A,"<="&B17,일일교반!$C:$C,C17) | M17: =SUMIFS(일일교반!$Q:$Q,일일교반!$A:$A,">="&A17,일일교반!$A:$A,"<="&B17,일일교반!$C:$C,C17) | N17: =COUNTIFS(일일교반!$A:$A,">="&A17,일일교반!$A:$A,"<="&B17,일일교반!$C:$C,C17,일일교반!$S:$S,"Y")
A18: =DATE(2026,11,9)+56 | B18: =A18+6 | C18: 건유·육성우동 | D18: =COUNTIFS(일일교반!$A:$A,">="&A18,일일교반!$A:$A,"<="&B18,일일교반!$C:$C,C18) | E18: =IFERROR(ROUND(AVERAGEIFS(일일교반!$F:$F,일일교반!$A:$A,">="&A18,일일교반!$A:$A,"<="&B18,일일교반!$C:$C,C18),1),"") | F18: =IFERROR(ROUND(AVERAGEIFS(일일교반!$V:$V,일일교반!$A:$A,">="&A18,일일교반!$A:$A,"<="&B18,일일교반!$C:$C,C18),1),"") | G18: =IFERROR(ROUND(AVERAGEIFS(일일교반!$W:$W,일일교반!$A:$A,">="&A18,일일교반!$A:$A,"<="&B18,일일교반!$C:$C,C18),1),"") | H18: =IFERROR(ROUND(AVERAGEIFS(일일교반!$J:$J,일일교반!$A:$A,">="&A18,일일교반!$A:$A,"<="&B18,일일교반!$C:$C,C18),1),"") | I18: =IFERROR(ROUND(AVERAGEIFS(일일교반!$L:$L,일일교반!$A:$A,">="&A18,일일교반!$A:$A,"<="&B18,일일교반!$C:$C,C18),1),"") | J18: =IFERROR(ROUND(AVERAGEIFS(일일교반!$M:$M,일일교반!$A:$A,">="&A18,일일교반!$A:$A,"<="&B18,일일교반!$C:$C,C18),1),"") | K18: =SUMIFS(일일교반!$O:$O,일일교반!$A:$A,">="&A18,일일교반!$A:$A,"<="&B18,일일교반!$C:$C,C18) | L18: =SUMIFS(일일교반!$P:$P,일일교반!$A:$A,">="&A18,일일교반!$A:$A,"<="&B18,일일교반!$C:$C,C18) | M18: =SUMIFS(일일교반!$Q:$Q,일일교반!$A:$A,">="&A18,일일교반!$A:$A,"<="&B18,일일교반!$C:$C,C18) | N18: =COUNTIFS(일일교반!$A:$A,">="&A18,일일교반!$A:$A,"<="&B18,일일교반!$C:$C,C18,일일교반!$S:$S,"Y")
A19: =DATE(2026,11,9)+56 | B19: =A19+6 | C19: 착유장 | D19: =COUNTIFS(일일교반!$A:$A,">="&A19,일일교반!$A:$A,"<="&B19,일일교반!$C:$C,C19) | E19: =IFERROR(ROUND(AVERAGEIFS(일일교반!$F:$F,일일교반!$A:$A,">="&A19,일일교반!$A:$A,"<="&B19,일일교반!$C:$C,C19),1),"") | F19: =IFERROR(ROUND(AVERAGEIFS(일일교반!$V:$V,일일교반!$A:$A,">="&A19,일일교반!$A:$A,"<="&B19,일일교반!$C:$C,C19),1),"") | G19: =IFERROR(ROUND(AVERAGEIFS(일일교반!$W:$W,일일교반!$A:$A,">="&A19,일일교반!$A:$A,"<="&B19,일일교반!$C:$C,C19),1),"") | H19: =IFERROR(ROUND(AVERAGEIFS(일일교반!$J:$J,일일교반!$A:$A,">="&A19,일일교반!$A:$A,"<="&B19,일일교반!$C:$C,C19),1),"") | I19: =IFERROR(ROUND(AVERAGEIFS(일일교반!$L:$L,일일교반!$A:$A,">="&A19,일일교반!$A:$A,"<="&B19,일일교반!$C:$C,C19),1),"") | J19: =IFERROR(ROUND(AVERAGEIFS(일일교반!$M:$M,일일교반!$A:$A,">="&A19,일일교반!$A:$A,"<="&B19,일일교반!$C:$C,C19),1),"") | K19: =SUMIFS(일일교반!$O:$O,일일교반!$A:$A,">="&A19,일일교반!$A:$A,"<="&B19,일일교반!$C:$C,C19) | L19: =SUMIFS(일일교반!$P:$P,일일교반!$A:$A,">="&A19,일일교반!$A:$A,"<="&B19,일일교반!$C:$C,C19) | M19: =SUMIFS(일일교반!$Q:$Q,일일교반!$A:$A,">="&A19,일일교반!$A:$A,"<="&B19,일일교반!$C:$C,C19) | N19: =COUNTIFS(일일교반!$A:$A,">="&A19,일일교반!$A:$A,"<="&B19,일일교반!$C:$C,C19,일일교반!$S:$S,"Y")
