Workbook

Sheet 기관별 집행계획
B2: 연구비 집행계획(기관별)
B3: 1. 1차년도 종료일인 12.31.까지의 예산 집행계획을 현장점검일 기준으로 작성 2. 작성단위는 천원이며, 편성예산 합계액이 기관별 당해년도 연구개발비의 총계와 동일해야 함 3. 항목간 금액을 변경하여 사용 예정인 경우, 해당사항을 반영한 금액으로 작성 4. 사용계획은 사용목적 + 금액(집행월) 양식으로 작성(집행완료내역은 작성 X) 5. 하늘색 글씨는 예시로 삭제 후 계획에 맞게 기입하시면 되며, 노란색 셀은 수식이 걸려있으니 수정 X
B5: 과제명: | C5: 과제명 작성
B7: 1. 주관연구개발기관명
B8: 당해년도 연구개발비(현금) | D8: ○,○○○,○○○천원 | I8: (단위 : 천원)
B9: 비목 | C9: 항목 | D9: 사용계획 | E9: 편성예산 | F9: 집행완료금액(천원) | G9: 사용예정액(천원) | H9: 기집행률(%) | I9: 연말 집행예정(%)
B10: 직접비 | C10: 연구활동비 | D10: 사용목적+금액(집행월) 양식으로 작성 | H10: =F10/E10 | I10: =(F10+G10)/E10
C11: 연구수당 | H11: =F11/E11 | I11: =(F11+G11)/E11
C12: 인건비 | D12: (예) A기업 11월분 인건비 지급 7,000천원(11월) A기업 12월분 인건비 지급 7,000천원(12월) | E12: 20000 | F12: 6000 | G12: 14000 | H12: =F12/E12 | I12: =(F12+G12)/E12
C13: 학생인건비 | H13: =F13/E13 | I13: =(F13+G13)/E13
C14: 연구시설·장비비 | H14: =F14/E14 | I14: =(F14+G14)/E14
C15: 연구재료비 | D15: (예) A부품 구매대금 지급 1,000천원(10월) B부품 구매대금 지급 25,000천원(12월) | E15: 50000 | F15: 34900 | G15: 15100 | H15: =F15/E15 | I15: =(F15+G15)/E15
C16: 연구개발부담비 | H16: =F16/E16 | I16: =(F16+G16)/E16
B17: 간접비 | C17: 간접비 | H17: =F17/E17 | I17: =(F17+G17)/E17
B18: 합계 | E18: =SUM(E10:E17) | F18: =SUM(F10:F17) | G18: =SUM(G10:G17) | H18: =F18/E18 | I18: =(H18+G18)/F18
B20: 2. 공동연구개발기관명
B21: 당해년도 연구개발비(현금) | I21: (단위 : 천원)
B22: 비목 | C22: 항목 | D22: 사용계획 | E22: 편성예산 | F22: 집행완료금액(천원) | G22: 사용예정액(천원) | H22: 기집행률(%) | I22: 연말 집행예정(%)
B23: 직접비 | C23: 연구활동비 | H23: =F23/E23 | I23: =(F23+G23)/E23
C24: 연구수당 | H24: =F24/E24 | I24: =(F24+G24)/E24
C25: 인건비 | H25: =F25/E25 | I25: =(F25+G25)/E25
C26: 학생인건비 | H26: =F26/E26 | I26: =(F26+G26)/E26
C27: 연구시설·장비비 | H27: =F27/E27 | I27: =(F27+G27)/E27
C28: 연구재료비 | H28: =F28/E28 | I28: =(F28+G28)/E28
C29: 연구개발부담비 | H29: =F29/E29 | I29: =(F29+G29)/E29
B30: 간접비 | C30: 간접비 | H30: =F30/E30 | I30: =(F30+G30)/E30
B31: 합계 | E31: =SUM(E23:E30) | F31: =SUM(F23:F30) | G31: =SUM(G23:G30) | H31: =F31/E31 | I31: =(F31+G31)/E31
B33: 3. 공동연구개발기관명: 농업회사법인 주식회사 디투오(D2O)
B34: 당해년도 연구개발비(현금) | D34: 52,463천원 | I34: (단위 : 천원)
B35: 비목 | C35: 항목 | D35: 사용계획 | E35: 편성예산 | F35: 집행완료금액(천원) | G35: 사용예정액(천원) | H35: 기집행률(%) | I35: 연말 집행예정(%)
B36: 직접비 | C36: 연구활동비 | D36: · 회의비: 외부 전문가 자문회의(산·학·관 전문가 6인 초청) 1차 1,000천원(11월 초), 2차 1,000천원(12월 초) - 1차: 갈전구리 실증 설계·HBP 운영 기준 검증 / 2차: 수동 교반 기준선 데이터·실증지 요구사항 검토 - 회당 전문가 자문수당 3인 및 회의 식비·다과 · 국내여비: 주관기관(GMW)·충남대 실증 협의 및 현장 출장 1,300천원(11월), 1,421.555천원(12월) · 사무실운영비: 실증 기록·사무 소모품 500천원(11월), 500천원(12월) · 야근·특근 식대: 참여연구원 저녁 2회차 교반·실증 기록 300천원(11월), 300천원(12월) · 우편요금: 자료·시료 발송 200천원(11월), 200천원(12월) · 문헌구입비: CBP·깔개관리·악취저감 관련 문헌 1,000천원(11월) · 국외여비: 해외 CBP 우사·깔개관리 기술동향 조사 1,000천원(12월) ※ 연구활동비 전액 12월 말까지 집행 완료 | E36: 9000 | F36: 278.445 | G36: 8721.555 | H36: =IF(E36=0,"-",F36/E36) | I36: =IF(E36=0,"-",(F36+G36)/E36)
C37: 연구수당 | D37: · 연구수당: 참여연구원 연구수당 1,463천원(12월) - 1차년도 연구성과 기여도 평가 후 지급 ※ 12월 말까지 집행 완료 | E37: 1463 | F37: 0 | G37: 1463 | H37: =IF(E37=0,"-",F37/E37) | I37: =IF(E37=0,"-",(F37+G37)/E37)
C38: 인건비 | D38: · 인건비: 신규 참여연구원(과장, 참여율 100%) 인건비 현금분 - 10월분 1,306천원(10월), 11월분 1,306천원(11월), 12월분 1,306천원(12월) ※ 12월 말까지 집행 완료 | E38: 7836 | F38: 3918 | G38: 3918 | H38: =IF(E38=0,"-",F38/E38) | I38: =IF(E38=0,"-",(F38+G38)/E38)
C39: 학생인건비 | D39: 해당 없음 | E39: 0 | F39: 0 | G39: 0 | H39: =IF(E39=0,"-",F39/E39) | I39: =IF(E39=0,"-",(F39+G39)/E39)
C40: 연구시설·장비비 | D40: 해당 없음 | E40: 0 | F40: 0 | G40: 0 | H40: =IF(E40=0,"-",F40/E40) | I40: =IF(E40=0,"-",(F40+G40)/E40)
C41: 연구재료비 | D41: · 피트모스 구매: 11,164천원(11월 초 구입) — 1,116.4천원 × 10 · 깔짚(톱밥) 구매: 11,000천원(11월 초 구입) — 1,100천원 × 10 - 실증 우사(송영신목장) 겨울철~봄철 HBP 침상 준비용 (11월 초 일괄 구입·입고 후 침상 보충에 순차 투입) · 연료비(장비운행): 트랙터 1일 2회 수동 교반(갈전구리 비교 기준선 확보) 5,000천원(11월), 5,000천원(12월) — 500천원 × 20회, 12월 말까지 집행 완료 | E41: 32164 | F41: 0 | G41: 32164 | H41: =IF(E41=0,"-",F41/E41) | I41: =IF(E41=0,"-",(F41+G41)/E41)
C42: 연구개발부담비 | D42: 해당 없음 | E42: 0 | F42: 0 | G42: 0 | H42: =IF(E42=0,"-",F42/E42) | I42: =IF(E42=0,"-",(F42+G42)/E42)
B43: 간접비 | C43: 간접비 | D43: · 지식재산권 출원: 실증 성과 관련 특허 출원 비용 2,000천원(12월) ※ 12월 말까지 집행 완료 | E43: 2000 | F43: 0 | G43: 2000 | H43: =IF(E43=0,"-",F43/E43) | I43: =IF(E43=0,"-",(F43+G43)/E43)
B44: 합계 | E44: =SUM(E36:E43) | F44: =SUM(F36:F43) | G44: =SUM(G36:G43) | H44: =F44/E44 | I44: =(F44+G44)/E44

Sheet 총괄표
B2: 연구비(현금) 집행계획 총괄표
B3: 해당 시트는 총괄표로 총예산만 기입
B5: 총 예산(현금) | C5: 입력 필요 | D5: 천원
B6: 미집행액 | C6: =C5-E17-F17 | D6: 천원
H7: (단위 : 천원)
B8: 비목 | C8: 항목 | D8: 편성금액 | E8: 집행완료액 | F8: 사용예정액 | G8: 기집행률 | H8: 연말 집행예정
B9: 직접비 | C9: 연구활동비 | D9: =SUM('기관별 집행계획'!E10,'기관별 집행계획'!E23,'기관별 집행계획'!E36) | E9: ='기관별 집행계획'!F10+'기관별 집행계획'!F23+'기관별 집행계획'!F36 | F9: =SUM('기관별 집행계획'!G10,'기관별 집행계획'!G23,'기관별 집행계획'!G36) | G9: =(E9+F9)/D9 | H9: =F9/D9
C10: 연구수당 | D10: =SUM('기관별 집행계획'!E11,'기관별 집행계획'!E24,'기관별 집행계획'!E37) | E10: ='기관별 집행계획'!F11+'기관별 집행계획'!F24+'기관별 집행계획'!F37 | F10: =SUM('기관별 집행계획'!G11,'기관별 집행계획'!G24,'기관별 집행계획'!G37) | G10: =(E10+F10)/D10 | H10: =F10/D10
C11: 인건비 | D11: =SUM('기관별 집행계획'!E12,'기관별 집행계획'!E25,'기관별 집행계획'!E38) | E11: ='기관별 집행계획'!F12+'기관별 집행계획'!F25+'기관별 집행계획'!F38 | F11: =SUM('기관별 집행계획'!G12,'기관별 집행계획'!G25,'기관별 집행계획'!G38) | G11: =(E11+F11)/D11 | H11: =F11/D11
C12: 학생인건비 | D12: =SUM('기관별 집행계획'!E13,'기관별 집행계획'!E26,'기관별 집행계획'!E39) | E12: ='기관별 집행계획'!F13+'기관별 집행계획'!F26+'기관별 집행계획'!F39 | F12: =SUM('기관별 집행계획'!G13,'기관별 집행계획'!G26,'기관별 집행계획'!G39) | G12: =(E12+F12)/D12 | H12: =F12/D12
C13: 연구시설·장비비 | D13: =SUM('기관별 집행계획'!E14,'기관별 집행계획'!E27,'기관별 집행계획'!E40) | E13: ='기관별 집행계획'!F14+'기관별 집행계획'!F27+'기관별 집행계획'!F40 | F13: =SUM('기관별 집행계획'!G14,'기관별 집행계획'!G27,'기관별 집행계획'!G40) | G13: =(E13+F13)/D13 | H13: =F13/D13
C14: 연구재료비 | D14: =SUM('기관별 집행계획'!E15,'기관별 집행계획'!E28,'기관별 집행계획'!E41) | E14: ='기관별 집행계획'!F15+'기관별 집행계획'!F28+'기관별 집행계획'!F41 | F14: =SUM('기관별 집행계획'!G15,'기관별 집행계획'!G28,'기관별 집행계획'!G41) | G14: =(E14+F14)/D14 | H14: =F14/D14
C15: 연구개발부담비 | D15: =SUM('기관별 집행계획'!E16,'기관별 집행계획'!E29,'기관별 집행계획'!E42) | E15: ='기관별 집행계획'!F16+'기관별 집행계획'!F29+'기관별 집행계획'!F42 | F15: =SUM('기관별 집행계획'!G16,'기관별 집행계획'!G29,'기관별 집행계획'!G42) | G15: =(E15+F15)/D15 | H15: =F15/D15
B16: 간접비 | C16: 간접비 | D16: =SUM('기관별 집행계획'!E17,'기관별 집행계획'!E30,'기관별 집행계획'!E43) | E16: ='기관별 집행계획'!F17+'기관별 집행계획'!F30+'기관별 집행계획'!F43 | F16: =SUM('기관별 집행계획'!G17,'기관별 집행계획'!G30,'기관별 집행계획'!G43) | G16: =(E16+F16)/D16 | H16: =F16/D16
B17: 합계 | D17: =SUM(D9:D16) | E17: =SUM(E9:E16) | F17: =SUM(F9:F16) | G17: =(E17+F17)/C5 | H17: =F17/D17
