Workbook

Sheet 00.사업개요
A1: 우즈베키스탄 스마트축사 · 유가공공장 ODA 사업 — 기자재 리스트업 및 개산 예산
A2: 작성: 하실장(D2O Agent System) | 기준일 2026-08-11 | 모든 금액은 개산(槪算) 추정치이며 실시설계·현지 견적으로 확정 필요
A5: ■ 1. 사업 개요
A6: 사업명 | B6: 우즈베키스탄 낙농 스마트축사·유가공·유전개량 통합 시범단지 조성 사업(가칭)
A7: 사업 목적 | B7: ① 낙농 생산성 향상 ② 유가공 부가가치 창출 ③ 젖소 유전개량 자립역량 이전 ④ 축산 디지털 전환(CowTalk AI·Eco-BIT) ⑤ 자원순환·환경개선(D2O)
A8: 사업 기간 | B8: 36개월 (1년차 설계·건축 / 2년차 기자재 설치·시운전 / 3년차 운영·기술전수·성과확산)
A9: 사업 형태 | B9: 무상원조(KOICA) + 양허성차관(EDCF)·현지부담 + 민간투자(제네틱스·D2O) 혼합 재원
A11: ■ 2. 사업 규모 (모든 설비 산정의 기준축)
A12: 착유우사 규격 | B12: 60m × 45m × H10m = 2,700㎡ (원본 리스트 규격 그대로 적용)
A13: 착유우 두수 | B13: 100두 (회장님 지시 규모)
A14: 총 사육두수 | B14: 180두 (착유 100 + 건유 20 + 육성·후보 60) — 착유우사 1개 동에 통합 수용, 두당 15㎡
A15: 1일 원유 생산량(자가) | B15: 100두 × 25kg = 2,500kg = 2.5톤/일
A16: 유가공공장 처리량 | B16: 5톤/일 = 자가 원유 2.5톤 + 인근 농가 집유 2.5톤 ← 지역 집유센터 기능 겸함
A17: 퇴비 처리량 | B17: 약 8.1톤/일 (180두 × 45kg) — 수직형 밀폐 발효조 10톤/일 용량
A18: 실험실 규격 | B18: 10m × 20m = 200㎡ (IVF + ET 통합, 클린룸 Class 10,000)
A19: 체외수정란 생산목표 | B19: 연 3,000개 (3년차 기준, 파일럿 목표치)
A21: ■ 3. 핵심 설계 논리 (회장님 지시사항의 정합성)
A22: 논리 ① | B22: 착유우사 2,700㎡에 착유 100 + 건유 20 + 육성 60 = 180두를 통합 수용(두당 15㎡). 별도 육성·건유우사가 불필요하고, 향후 착유우 200두까지 증축 없이 확장됩니다.
A23: 논리 ② | B23: 유가공 5톤/일은 자가 원유 2.5톤 + 인근 농가 집유 2.5톤으로 채웁니다. 시범목장 전용 설비가 아니라 '지역 집유·가공 센터'가 되어 ODA 수혜 범위가 인근 농가로 확대됩니다.
A24: 논리 ③ | B24: 팔러착유기는 착유우 100두에 최적인 헤링본 2×8(16유닛). 착유로봇 1대는 '실증·교육 시연용' 옵션으로만 배치합니다.
A25: 논리 ④ | B25: 수정란 사업 = 성감별 정액(G군) → 체내채란·IVF(H·I군) → 이식(H군) → CowTalk 성적추적(J군)의 완결 루프로 구성했습니다. 실험실은 목장 두수와 무관하게 지역 보급 거점 규모로 유지했습니다.
A26: 논리 ⑤ | B26: 분뇨 = 스크래퍼 → 고액분리 → 수직형 밀폐발효조(1차) → 주행식 교반기(2차 숙성) → 포장·상품화의 2단 처리 구조입니다.
A27: 논리 ⑥ | B27: 원본 리스트에 없던 ㉠ 유가공공장 ㉡ IVF 실험실 세팅 ㉢ 전기·용수·비상발전 ㉣ 물류·사후관리·예비비 를 보완했습니다. 이 4개가 빠지면 사업이 실제로 돌아가지 않습니다.
A29: ■ 4. 우즈베키스탄 특수 리스크 및 반영 대책
A30: 리스크 ① 액체질소 수급 | B30: 질소발생기는 미도입(회장님 결정). 액체질소통 + 3년 정기공급 계약으로 운용 → ⚠ LN2 공급이 단일 의존점이 되므로, 현지 공급업체와의 3년 공급계약 확보를 사업 착수 전제조건으로 명시할 것 [G군]
A31: 리스크 ② 정전 | B31: 실험실 UPS + 300kW 비상발전 + 원격 알람 [A·I군] — 정전 1회로 배양·원유 전량 손실 가능
A32: 리스크 ③ 혹서(하절기 40℃) | B32: 대형 순환팬 20대 + 쿨링포그 + 윈치커튼 자동제어 + THI 연동제어 [J군] — 축사 면적(2,700㎡)이 동일하므로 두수 축소와 무관하게 유지
A33: 리스크 ④ 콜드체인 취약 | B33: 냉장창고·냉장배송차 + UHT/ESL 라인(옵션)으로 상온유통 제품군 병행 [E군]
A34: 리스크 ⑤ 부품·A/S | B34: A/S 예비부품 2년치 초기재고 + 현지 상주 기술인력 [K·L군]
A35: 리스크 ⑥ 내륙국 물류 | B35: 기자재비의 8%를 국제운송·통관비로 계상 [L군]
A36: 리스크 ⑦ 수정란 검역 | B36: Export Permit / Health Certificate 사전 협의 — 착수 전 필수 [L군]
A38: ■ 5. 중요 고지
A39: 금액의 성격 | B39: 본 워크북의 모든 금액은 2026년 8월 기준 한국 시장가·유사사업 실적을 참고한 개산 추정치입니다. 확정 견적이 아니며, 실시설계 및 현지 3사 견적으로 반드시 재산정해야 합니다.
A40: 환율 가정 | B40: 1 USD = 1,380 KRW (가정치 — '05.전제조건' 시트에서 수정하면 전체 USD 금액이 자동 갱신됩니다)
A41: 성과 표현 | B41: 산유량·수태율·악취저감 등 모든 수치는 '기대목표(pilot target)'이며, 현장검증 계획을 병행 기술해야 합니다.
A42: 유전자원 범위 | B42: 본 사업의 유전자원 이전 대상은 한국산 홀스타인 성감별(유용) 수정란·정액에 한정합니다. 한우 유전자원은 대상이 아닙니다.

Sheet 01.총괄예산
A1: 총괄 예산 (개산)
A2: 대분류별 집계 — '02.기자재_리스트업' 시트와 실시간 연동됩니다
A4: 구분 | B4: 대분류 | C4: 본안(원) | D4: 옵션(원) | E4: 합계(원) | F4: 합계(USD) | G4: 비중 | H4: 핵심 내용
A5: A | B5: 건축·토목 | C5: =SUMIFS('02.기자재_리스트업'!$J$5:$J$202,'02.기자재_리스트업'!$B$5:$B$202,"A. 건축·토목",'02.기자재_리스트업'!$L$5:$L$202,"본안") | D5: =SUMIFS('02.기자재_리스트업'!$J$5:$J$202,'02.기자재_리스트업'!$B$5:$B$202,"A. 건축·토목",'02.기자재_리스트업'!$L$5:$L$202,"옵션") | E5: =C5+D5 | F5: =ROUND(E5/'05.전제조건'!$C$5,0) | G5: =IFERROR(C5/$C$17,0) | H5: 착유우사 2,700㎡(180두 통합수용) · 팔러동 300㎡ · 실험실 200㎡ · 유가공동 500㎡ · 퇴비사 600㎡ · 사료창고 450㎡ · 관리동 · 토목/전기/용수 · 설계감리
A6: B | B6: 착유·집유 설비 | C6: =SUMIFS('02.기자재_리스트업'!$J$5:$J$202,'02.기자재_리스트업'!$B$5:$B$202,"B. 착유·집유 설비",'02.기자재_리스트업'!$L$5:$L$202,"본안") | D6: =SUMIFS('02.기자재_리스트업'!$J$5:$J$202,'02.기자재_리스트업'!$B$5:$B$202,"B. 착유·집유 설비",'02.기자재_리스트업'!$L$5:$L$202,"옵션") | E6: =C6+D6 | F6: =ROUND(E6/'05.전제조건'!$C$5,0) | G6: =IFERROR(C6/$C$17,0) | H6: 팔러착유기 헤링본 2×8(16유닛) · 원유냉각탱크 3,000L×2 · 프리쿨러 · CIP · 선별게이트 · [옵션] 착유로봇 1대
A7: C | B7: 사료·급이 설비 | C7: =SUMIFS('02.기자재_리스트업'!$J$5:$J$202,'02.기자재_리스트업'!$B$5:$B$202,"C. 사료·급이 설비",'02.기자재_리스트업'!$L$5:$L$202,"본안") | D7: =SUMIFS('02.기자재_리스트업'!$J$5:$J$202,'02.기자재_리스트업'!$B$5:$B$202,"C. 사료·급이 설비",'02.기자재_리스트업'!$L$5:$L$202,"옵션") | E7: =C7+D7 | F7: =ROUND(E7/'05.전제조건'!$C$5,0) | G7: =IFERROR(C7/$C$17,0) | H7: TMR 배합기 10㎥·6㎥ · 자동 사료밀기 로봇 · IJ-600L 배합기 · 사일로 20톤×2 · 자동급수조
A8: D | B8: 분뇨처리·농기계 | C8: =SUMIFS('02.기자재_리스트업'!$J$5:$J$202,'02.기자재_리스트업'!$B$5:$B$202,"D. 분뇨처리·농기계",'02.기자재_리스트업'!$L$5:$L$202,"본안") | D8: =SUMIFS('02.기자재_리스트업'!$J$5:$J$202,'02.기자재_리스트업'!$B$5:$B$202,"D. 분뇨처리·농기계",'02.기자재_리스트업'!$L$5:$L$202,"옵션") | E8: =C8+D8 | F8: =ROUND(E8/'05.전제조건'!$C$5,0) | G8: =IFERROR(C8/$C$17,0) | H8: 수직형 밀폐 퇴비발효조 10톤/일 · 주행식 교반기 · 스키드로더 · 트랙터 대/소 · 지게차 2톤 · 고액분리기 · D2O 베딩/HBP
A9: E | B9: 유가공공장(5톤/일) | C9: =SUMIFS('02.기자재_리스트업'!$J$5:$J$202,'02.기자재_리스트업'!$B$5:$B$202,"E. 유가공공장(5톤/일)",'02.기자재_리스트업'!$L$5:$L$202,"본안") | D9: =SUMIFS('02.기자재_리스트업'!$J$5:$J$202,'02.기자재_리스트업'!$B$5:$B$202,"E. 유가공공장(5톤/일)",'02.기자재_리스트업'!$L$5:$L$202,"옵션") | E9: =C9+D9 | F9: =ROUND(E9/'05.전제조건'!$C$5,0) | G9: =IFERROR(C9/$C$17,0) | H9: HTST 살균 5,000L/h · 균질기 · 세퍼레이터 · 발효탱크 · 그릭요거트 · 치즈 · 카이막 · 아이스크림 · 충전포장 · CIP · 유틸리티 · 폐수처리
A10: F | B10: 원유·유제품 품질관리 | C10: =SUMIFS('02.기자재_리스트업'!$J$5:$J$202,'02.기자재_리스트업'!$B$5:$B$202,"F. 원유·유제품 품질관리",'02.기자재_리스트업'!$L$5:$L$202,"본안") | D10: =SUMIFS('02.기자재_리스트업'!$J$5:$J$202,'02.기자재_리스트업'!$B$5:$B$202,"F. 원유·유제품 품질관리",'02.기자재_리스트업'!$L$5:$L$202,"옵션") | E10: =C10+D10 | F10: =ROUND(E10/'05.전제조건'!$C$5,0) | G10: =IFERROR(C10/$C$17,0) | H10: 유성분·체세포·세균수·항생물질·빙점 분석기 · 이화학 검사도구 · 미생물 검사 세트
A11: G | B11: 인공수정(A.I.) 기자재 | C11: =SUMIFS('02.기자재_리스트업'!$J$5:$J$202,'02.기자재_리스트업'!$B$5:$B$202,"G. 인공수정(A.I.) 기자재",'02.기자재_리스트업'!$L$5:$L$202,"본안") | D11: =SUMIFS('02.기자재_리스트업'!$J$5:$J$202,'02.기자재_리스트업'!$B$5:$B$202,"G. 인공수정(A.I.) 기자재",'02.기자재_리스트업'!$L$5:$L$202,"옵션") | E11: =C11+D11 | F11: =ROUND(E11/'05.전제조건'!$C$5,0) | G11: =IFERROR(C11/$C$17,0) | H11: 목장 현장 최소 운용 사양 — 주입기·시스·장갑·융해기·액체질소통(20/34/47ℓ) · 초음파 2종 · LN2 3년 정기공급 · 성감별 정액 500str ※질소발생기 미도입
A12: H | B12: 수정란이식(ET) 기자재 | C12: =SUMIFS('02.기자재_리스트업'!$J$5:$J$202,'02.기자재_리스트업'!$B$5:$B$202,"H. 수정란이식(ET) 기자재",'02.기자재_리스트업'!$L$5:$L$202,"본안") | D12: =SUMIFS('02.기자재_리스트업'!$J$5:$J$202,'02.기자재_리스트업'!$B$5:$B$202,"H. 수정란이식(ET) 기자재",'02.기자재_리스트업'!$L$5:$L$202,"옵션") | E12: =C12+D12 | F12: =ROUND(E12/'05.전제조건'!$C$5,0) | G12: =IFERROR(C12/$C$17,0) | H12: ET 주입기·시스 · 채란기·필터·배지 · 실체현미경 · 프로그램 동결기 · 드라이시퍼 · 홀스타인 성감별 수정란 600개
A13: I | B13: 체외수정란(IVF) 실험실 | C13: =SUMIFS('02.기자재_리스트업'!$J$5:$J$202,'02.기자재_리스트업'!$B$5:$B$202,"I. 체외수정란(IVF) 실험실",'02.기자재_리스트업'!$L$5:$L$202,"본안") | D13: =SUMIFS('02.기자재_리스트업'!$J$5:$J$202,'02.기자재_리스트업'!$B$5:$B$202,"I. 체외수정란(IVF) 실험실",'02.기자재_리스트업'!$L$5:$L$202,"옵션") | E13: =C13+D13 | F13: =ROUND(E13/'05.전제조건'!$C$5,0) | G13: =IFERROR(C13/$C$17,0) | H13: 클린룸 Class 10,000 · 도립/실체현미경 · 트리가스 인큐베이터 · OPU 세트 · 초순수 · UPS · 원격감시 · 배지 소모품
A14: J | B14: ICT·스마트팜 | C14: =SUMIFS('02.기자재_리스트업'!$J$5:$J$202,'02.기자재_리스트업'!$B$5:$B$202,"J. ICT·스마트팜",'02.기자재_리스트업'!$L$5:$L$202,"본안") | D14: =SUMIFS('02.기자재_리스트업'!$J$5:$J$202,'02.기자재_리스트업'!$B$5:$B$202,"J. ICT·스마트팜",'02.기자재_리스트업'!$L$5:$L$202,"옵션") | E14: =C14+D14 | F14: =ROUND(E14/'05.전제조건'!$C$5,0) | G14: =IFERROR(C14/$C$17,0) | H14: smaXtec 위내센서 180두(36개월) · 환경센서 20포인트 + 원본 계측기자재 전량 · 쿨링/환기 자동제어 · CowTalk AI 현지화 · Eco-BIT 정부 대시보드 · 태양광 300kW
A15: K | B15: 교육훈련·기술전수 | C15: =SUMIFS('02.기자재_리스트업'!$J$5:$J$202,'02.기자재_리스트업'!$B$5:$B$202,"K. 교육훈련·기술전수",'02.기자재_리스트업'!$L$5:$L$202,"본안") | D15: =SUMIFS('02.기자재_리스트업'!$J$5:$J$202,'02.기자재_리스트업'!$B$5:$B$202,"K. 교육훈련·기술전수",'02.기자재_리스트업'!$L$5:$L$202,"옵션") | E15: =C15+D15 | F15: =ROUND(E15/'05.전제조건'!$C$5,0) | G15: =IFERROR(C15/$C$17,0) | H15: 초청연수 3회 · 전문가 파견 · 상주 PM/기술 36개월 · 4대 교육모듈 · 수정란이식 인증과정 · 유가공 기술전수 · LMS
A16: L | B16: 사업관리·기타 | C16: =SUMIFS('02.기자재_리스트업'!$J$5:$J$202,'02.기자재_리스트업'!$B$5:$B$202,"L. 사업관리·기타",'02.기자재_리스트업'!$L$5:$L$202,"본안") | D16: =SUMIFS('02.기자재_리스트업'!$J$5:$J$202,'02.기자재_리스트업'!$B$5:$B$202,"L. 사업관리·기타",'02.기자재_리스트업'!$L$5:$L$202,"옵션") | E16: =C16+D16 | F16: =ROUND(E16/'05.전제조건'!$C$5,0) | G16: =IFERROR(C16/$C$17,0) | H16: F/S · 인허가·검역 · 국제운송(기자재비 8%) · A/S 예비부품 · 성과평가 · PMC(4%) · 예비비(5%)
B17: 총 계 | C17: =SUM(C5:C16) | D17: =SUM(D5:D16) | E17: =SUM(E5:E16) | F17: =SUM(F5:F16) | G17: 1
A19: ■ 재원 분담(안)
A20: 재원 구분 | B20: 본안(원) | C20: 옵션(원) | D20: 합계(원) | E20: 합계(USD) | F20: 설명
A21: 무상(KOICA) | B21: =SUMIFS('02.기자재_리스트업'!$J$5:$J$202,'02.기자재_리스트업'!$M$5:$M$202,"무상(KOICA)",'02.기자재_리스트업'!$L$5:$L$202,"본안") | C21: =SUMIFS('02.기자재_리스트업'!$J$5:$J$202,'02.기자재_리스트업'!$M$5:$M$202,"무상(KOICA)",'02.기자재_리스트업'!$L$5:$L$202,"옵션") | D21: =B21+C21 | E21: =ROUND(D21/'05.전제조건'!$C$5,0) | F21: 기자재·기술·역량이전 중심. KOICA 무상원조 표준 범위(실험실·A.I./ET 기자재·계측·교육·PMC)
A22: 차관·현지부담 | B22: =SUMIFS('02.기자재_리스트업'!$J$5:$J$202,'02.기자재_리스트업'!$M$5:$M$202,"차관·현지부담",'02.기자재_리스트업'!$L$5:$L$202,"본안") | C22: =SUMIFS('02.기자재_리스트업'!$J$5:$J$202,'02.기자재_리스트업'!$M$5:$M$202,"차관·현지부담",'02.기자재_리스트업'!$L$5:$L$202,"옵션") | D22: =B22+C22 | E22: =ROUND(D22/'05.전제조건'!$C$5,0) | F22: 건축·토목·유가공 플랜트·태양광 등 자산성 투자. EDCF 양허성차관 또는 우즈벡측 부담 권장
A23: 민간(제네틱스·D2O) | B23: =SUMIFS('02.기자재_리스트업'!$J$5:$J$202,'02.기자재_리스트업'!$M$5:$M$202,"민간(제네틱스·D2O)",'02.기자재_리스트업'!$L$5:$L$202,"본안") | C23: =SUMIFS('02.기자재_리스트업'!$J$5:$J$202,'02.기자재_리스트업'!$M$5:$M$202,"민간(제네틱스·D2O)",'02.기자재_리스트업'!$L$5:$L$202,"옵션") | D23: =B23+C23 | E23: =ROUND(D23/'05.전제조건'!$C$5,0) | F23: 수정란·성감별정액·smaXtec 센서·CowTalk AI·Eco-BIT·D2O 베딩 — 제네틱스/D2O 투자 및 운영수익 회수 구조

Sheet 02.기자재_리스트업
A1: 기자재 리스트업 (Master List)
A2: ★ 표시 = 원본 리스트 반영 또는 전략 핵심항목 | ▲ = 중복계상 주의 | 금액은 개산 추정치
A4: No | B4: 대분류 | C4: 중분류 | D4: 세부품목 | E4: 규격 · 사양 | F4: 제품/모델 예시 | G4: 단위 | H4: 수량 | I4: 추정단가(원) | J4: 금액(원) | K4: 금액(USD) | L4: 구분 | M4: 재원(안) | N4: 비고 · 전략 코멘트
A5: 1 | B5: A. 건축·토목 | C5: 스마트 착유우사(테스트 및 실증) | D5: 착유우사 신축 | E5: 60m × 45m × H10m = 2,700㎡ / 철골조+단열샌드위치판넬 / 프리스톨 / 군별 구획 / 자연환기(윈치커튼)+대형순환팬 | F5: 착유 100두 + 건유 20두 + 육성·후보 60두 = 180두 통합수용 | G5: ㎡ | H5: 2700 | I5: 400000 | J5: =H5*I5 | K5: =ROUND(J5/'05.전제조건'!$C$5,0) | L5: 본안 | M5: 차관·현지부담 | N5: ★★ 원본 규격 유지 + 착유우 100두 기준. 두당 15㎡ — 별도 육성·건유우사 없이 한 동에 통합 수용. 향후 착유우 200두까지 증축 없이 확장 가능
A6: 2 | B6: A. 건축·토목 | C6: 스마트 착유우사(테스트 및 실증) | D6: 착유실(밀킹팔러동)·집유실 | E6: 300㎡ / 위생 방수마감 / 팔러실·원유실·기계실·세척실 구획 | F6: 팔러 2×8 수용 | G6: ㎡ | H6: 300 | I6: 600000 | J6: =H6*I6 | K6: =ROUND(J6/'05.전제조건'!$C$5,0) | L6: 본안 | M6: 차관·현지부담 | N6: 착유설비 집약동 — 배수·방수·전기 사양 상향
A7: 3 | B7: A. 건축·토목 | C7: 실험실 | D7: 번식·수정란 실험실동 신축 | E7: 10m × 20m = 200㎡ / 클린룸 Class 10,000 / 항온항습·양압 / 전실·탈의실 포함 | F7: IVF·ET 통합 실험실 | G7: ㎡ | H7: 200 | I7: 1500000 | J7: =H7*I7 | K7: =ROUND(J7/'05.전제조건'!$C$5,0) | L7: 본안 | M7: 무상(KOICA) | N7: ★ 원본 리스트 규격(10×20m) 반영. 한국 시공 권장
A8: 4 | B8: A. 건축·토목 | C8: 유가공공장 | D8: 유가공공장동 신축 | E8: 500㎡ / 1일 5톤 처리 / HACCP 대응 위생마감·에폭시바닥 / 원료유실·가공실·충전실·냉장실·시험실 | F8: 5 t/day Dairy Plant | G8: ㎡ | H8: 500 | I8: 1500000 | J8: =H8*I8 | K8: =ROUND(J8/'05.전제조건'!$C$5,0) | L8: 본안 | M8: 차관·현지부담 | N8: ★ 신규 추가(원본 미포함). 회장님 지시 1일 5톤 규모
A9: 5 | B9: A. 건축·토목 | C9: 기타(분뇨처리 및 사료보관시설) | D9: 퇴비사·분뇨처리동 | E9: 600㎡ / 지붕형 발효사 / 침출수 집수·차단층 / 수직발효조 설치공간 포함 | F9: 일 처리 10톤 | G9: ㎡ | H9: 600 | I9: 350000 | J9: =H9*I9 | K9: =ROUND(J9/'05.전제조건'!$C$5,0) | L9: 본안 | M9: 차관·현지부담 | N9: 원본 리스트 '?' 항목 규격 확정
A10: 6 | B10: A. 건축·토목 | C10: 기타(분뇨처리 및 사료보관시설) | D10: 사료보관시설(조사료창고) | E10: 450㎡ / 조사료·베일 보관 / 사일로 설치기초 포함 | F10: 베일 800롤 보관 | G10: ㎡ | H10: 450 | I10: 250000 | J10: =H10*I10 | K10: =ROUND(J10/'05.전제조건'!$C$5,0) | L10: 본안 | M10: 차관·현지부담 | N10: 원본 리스트 '?' 항목 규격 확정
A11: 7 | B11: A. 건축·토목 | C11: 기타 | D11: 관리동(사무·교육장·숙소) | E11: 300㎡ / 사무실·교육장 40석·기숙사·식당 | F11: 기술전수 교육 거점 | G11: ㎡ | H11: 300 | I11: 700000 | J11: =H11*I11 | K11: =ROUND(J11/'05.전제조건'!$C$5,0) | L11: 본안 | M11: 차관·현지부담 | N11: K군 교육훈련의 현지 거점 — 필수
A12: 8 | B12: A. 건축·토목 | C12: 축사 건축을 위한 기자재(철골 및 샌드위치 판넬 등) | D12: 구조용 철골·단열판넬·환기자재(한국 조달분) | E12: H형강·C형강, 우레탄 샌드위치판넬 t=100, 윈치커튼·환기자재 | F12: 한국 조달 후 해상운송 | G12: 식 | H12: 0 | I12: 0 | J12: =H12*I12 | K12: =ROUND(J12/'05.전제조건'!$C$5,0) | L12: 본안 | M12: 무상(KOICA) | N12: ▲ 중복계상 방지 — 상기 ㎡ 단가에 포함. 별도 분리조달 시 건축비의 약 35% 상당을 이 항목으로 이관
A13: 9 | B13: A. 건축·토목 | C13: 부대공사 | D13: 부지정지·구내도로·우수배수·울타리 | E13: 부지 2.5ha 기준 / 진입로 500m / 방역 울타리 600m | F13: - | G13: 식 | H13: 1 | I13: 260000000 | J13: =H13*I13 | K13: =ROUND(J13/'05.전제조건'!$C$5,0) | L13: 본안 | M13: 차관·현지부담 | N13: 부지는 우즈벡측 무상 제공 전제
A14: 10 | B14: A. 건축·토목 | C14: 부대공사 | D14: 전기 인입·수변전(800kVA)·비상발전(300kW) | E14: 고압인입, 변압기, 비상발전기(실험실·유가공 무정전 연동) | F14: - | G14: 식 | H14: 1 | I14: 320000000 | J14: =H14*I14 | K14: =ROUND(J14/'05.전제조건'!$C$5,0) | L14: 본안 | M14: 차관·현지부담 | N14: ★ 정전 시 수정란·원유 손실 방지 — 비상발전 필수
A15: 11 | B15: A. 건축·토목 | C15: 부대공사 | D15: 지하수 관정·급수·정수 설비 | E15: 관정 2공(200m), 급수탑 100톤, 여과·소독 | F15: - | G15: 식 | H15: 1 | I15: 150000000 | J15: =H15*I15 | K15: =ROUND(J15/'05.전제조건'!$C$5,0) | L15: 본안 | M15: 차관·현지부담 | N15: 유가공 용수 수질 확보가 관건
A16: 12 | B16: A. 건축·토목 | C16: 부대공사 | D16: 소방·방역시설(차량소독기·방역실·소독조) | E16: 출입 차량소독기 1식, 방역실, 발판소독조 | F16: - | G16: 식 | H16: 1 | I16: 120000000 | J16: =H16*I16 | K16: =ROUND(J16/'05.전제조건'!$C$5,0) | L16: 본안 | M16: 차관·현지부담 | N16: 우즈벡 FMD·LSD 방역 요건 대응
A17: 13 | B17: A. 건축·토목 | C17: 설계·감리 | D17: 기본설계·실시설계·시공감리 | E17: 건축·토목·설비·전기 통합 / 감리 상주 | F17: 건축공사비의 7% | G17: 식 | H17: 1 | I17: =J17 | J17: =ROUND(SUMIFS($J$5:$J$16,$L$5:$L$16,"본안")*0.07,-5) | K17: =ROUND(J17/'05.전제조건'!$C$5,0) | L17: 본안 | M17: 무상(KOICA) | N17: =금액 자동계산(건축군 본안 소계 × 7%)
A18: 14 | B18: B. 착유·집유 설비 | C18: 팔러 착유 시스템 | D18: 팔러착유기 헤링본 2×8 (16유닛) | E18: 자동탈착(ACR), 전자유량계, 개체인식, 자동세척, 착유시간 약 1.5h/회 · 2회 착유 | F18: GEA / DeLaval / BouMatic 급 | G18: 식 | H18: 1 | I18: 260000000 | J18: =H18*I18 | K18: =ROUND(J18/'05.전제조건'!$C$5,0) | L18: 본안 | M18: 무상(KOICA) | N18: ★ 회장님 지시항목. 착유우 100두 기준 2×8이 최적 (200두 확장 시 2×12로 증설)
A19: 15 | B19: B. 착유·집유 설비 | C19: 팔러 착유 시스템 | D19: 진공펌프(인버터 제어) 및 진공배관 | E19: 2,200 L/min 급, 주파수제어형 | F19: - | G19: 식 | H19: 1 | I19: 35000000 | J19: =H19*I19 | K19: =ROUND(J19/'05.전제조건'!$C$5,0) | L19: 본안 | M19: 무상(KOICA) | N19: 에너지 절감형
A20: 16 | B20: B. 착유·집유 설비 | C20: 팔러 착유 시스템 | D20: 개체인식 리더·태그(ICAR 인증) | E20: 전 사육두수 180두분 + 팔러 안테나 | F20: - | G20: 식 | H20: 1 | I20: 40000000 | J20: =H20*I20 | K20: =ROUND(J20/'05.전제조건'!$C$5,0) | L20: 본안 | M20: 무상(KOICA) | N20: CowTalk AI 개체 매칭 키
A21: 17 | B21: B. 착유·집유 설비 | C21: 팔러 착유 시스템 | D21: 자동 선별게이트(Sort Gate) 2구 | E21: 수정·진료·건유 자동 분리 | F21: - | G21: 식 | H21: 1 | I21: 32000000 | J21: =H21*I21 | K21: =ROUND(J21/'05.전제조건'!$C$5,0) | L21: 본안 | M21: 무상(KOICA) | N21: 센서 알람 → 자동 선별 연동
A22: 18 | B22: B. 착유·집유 설비 | C22: 냉각 및 집유 시스템(원유 냉각 탱크 등) | D22: 원유냉각탱크 3,000L | E22: 직냉식, 자동세척(CIP), 원격 온도감시 | F22: - | G22: 대 | H22: 2 | I22: 45000000 | J22: =H22*I22 | K22: =ROUND(J22/'05.전제조건'!$C$5,0) | L22: 본안 | M22: 무상(KOICA) | N22: ★ 원본 리스트 반영. 자가 원유 2.5톤/일 × 2회 집유 대응(예비 1기)
A23: 19 | B23: B. 착유·집유 설비 | C23: 냉각 및 집유 시스템(원유 냉각 탱크 등) | D23: 프리쿨러(판형열교환기)·원유펌프·온수기 500L | E23: 열회수형 — 냉각 전력 30% 절감 목표 | F23: - | G23: 식 | H23: 1 | I23: 35000000 | J23: =H23*I23 | K23: =ROUND(J23/'05.전제조건'!$C$5,0) | L23: 본안 | M23: 무상(KOICA) | N23: 회수열로 세척온수 공급
A24: 20 | B24: B. 착유·집유 설비 | C24: 냉각 및 집유 시스템(원유 냉각 탱크 등) | D24: 자동 CIP 세척장치(착유라인) | E24: 산·알칼리 2액 자동, 온도·농도 기록 | F24: - | G24: 식 | H24: 1 | I24: 30000000 | J24: =H24*I24 | K24: =ROUND(J24/'05.전제조건'!$C$5,0) | L24: 본안 | M24: 무상(KOICA) | N24: 체세포·세균수 관리의 핵심
A25: 21 | B25: B. 착유·집유 설비 | C25: 냉각 및 집유 시스템(원유 냉각 탱크 등) | D25: 축사→유가공공장 위생 원유배관 | E25: SUS316L, 100m, 보온·CIP 대응 | F25: - | G25: 식 | H25: 1 | I25: 60000000 | J25: =H25*I25 | K25: =ROUND(J25/'05.전제조건'!$C$5,0) | L25: 본안 | M25: 무상(KOICA) | N25: 무살균 이송으로 신선도 확보
A26: 22 | B26: B. 착유·집유 설비 | C26: 유방염 예방 자재 | D26: 티트스프레이·드라핑·발굽욕조·소모품 초기분 | E26: 1년분 | F26: - | G26: 식 | H26: 1 | I26: 15000000 | J26: =H26*I26 | K26: =ROUND(J26/'05.전제조건'!$C$5,0) | L26: 본안 | M26: 무상(KOICA) | N26: -
A27: 23 | B27: B. 착유·집유 설비 | C27: 자동 착유 시스템(로봇 등) | D27: [옵션] 착유로봇 1대 (실증·교육 시연용) | E27: 60두/대, 자동유두인식 | F27: Lely / DeLaval / GEA 급 | G27: 대 | H27: 1 | I27: 450000000 | J27: =H27*I27 | K27: =ROUND(J27/'05.전제조건'!$C$5,0) | L27: 옵션 | M27: 무상(KOICA) | N27: ★ 원본 리스트 '자동착유(로봇)' 반영. 본안은 팔러 + 로봇 1대 시연 병행 권장
A28: 24 | B28: C. 사료·급이 설비 | C28: 사료 배합기 및 공급 시스템 | D28: TMR 배합기 (견인식 수직 2축) 10㎥ | E28: 전자저울, 자동배출 컨베이어, 트랙터 PTO 구동 | F28: 국산 / Faresin / Storti 급 | G28: 대 | H28: 1 | I28: 70000000 | J28: =H28*I28 | K28: =ROUND(J28/'05.전제조건'!$C$5,0) | L28: 본안 | M28: 무상(KOICA) | N28: ★ 회장님 지시항목. 180두 · 일 TMR 약 7.8톤 대응
A29: 25 | B29: C. 사료·급이 설비 | C29: 사료 배합기 및 공급 시스템 | D29: TMR 배합기 (견인식 수직) 6㎥ | E29: 육성·건유우 전용 / 예비기 | F29: - | G29: 대 | H29: 1 | I29: 42000000 | J29: =H29*I29 | K29: =ROUND(J29/'05.전제조건'!$C$5,0) | L29: 본안 | M29: 무상(KOICA) | N29: 군별 분리급여 및 고장 대비 이중화
... A197: 193 | B197: L. 사업관리·기타 | C197: 사업준비 | D197: 현지 인허가·법인설립·검역·통관 대응 | E197: 수정란 수입허가, 유가공 영업허가, 장비 검역 | F197: - | G197: 식 | H197: 1 | I197: 80000000 | J197: =H197*I197 | K197: =ROUND(J197/'05.전제조건'!$C$5,0) | L197: 본안 | M197: 무상(KOICA) | N197: ★ 수정란 Export Permit·Health Certificate 사전 협의 필요
A198: 194 | B198: L. 사업관리·기타 | C198: 물류 | D198: 국제운송·통관·보험 (기자재 CIF→DDP) | E198: 한국→우즈벡 육상·항공 복합운송 | F198: 기자재비의 8% | G198: 식 | H198: 1 | I198: =J198 | J198: =ROUND(SUMIFS($J$18:$J$183,$L$18:$L$183,"본안")*0.08,-5) | K198: =ROUND(J198/'05.전제조건'!$C$5,0) | L198: 본안 | M198: 무상(KOICA) | N198: =금액 자동계산(B~J군 본안 소계 × 8%). 내륙국 — 물류비 비중 높음
A199: 195 | B199: L. 사업관리·기타 | C199: 사후관리 | D199: A/S 예비부품 초기재고 (2년분) | E199: 핵심 장비 소모·고장 부품 | F199: - | G199: 식 | H199: 1 | I199: 150000000 | J199: =H199*I199 | K199: =ROUND(J199/'05.전제조건'!$C$5,0) | L199: 본안 | M199: 무상(KOICA) | N199: ★ 현지 부품 조달 곤란 — 예비재고가 가동률을 결정
A200: 196 | B200: L. 사업관리·기타 | C200: 성과관리 | D200: 성과평가·모니터링 (베이스라인·중간·종료) | E200: 산유량·수태율·소득·탄소 지표 | F200: - | G200: 식 | H200: 1 | I200: 120000000 | J200: =H200*I200 | K200: =ROUND(J200/'05.전제조건'!$C$5,0) | L200: 본안 | M200: 무상(KOICA) | N200: -
A201: 197 | B201: L. 사업관리·기타 | C201: 사업관리 | D201: PMC 사업관리비 (36개월) | E201: 총사업비의 4% | F201: - | G201: 식 | H201: 1 | I201: =J201 | J201: =ROUND(SUMIFS($J$5:$J$200,$L$5:$L$200,"본안")*0.04,-5) | K201: =ROUND(J201/'05.전제조건'!$C$5,0) | L201: 본안 | M201: 무상(KOICA) | N201: =금액 자동계산(상위 본안 항목 합계 × 4%)
A202: 198 | B202: L. 사업관리·기타 | C202: 예비비 | D202: 예비비 (Contingency) | E202: 총사업비의 5% | F202: - | G202: 식 | H202: 1 | I202: =J202 | J202: =ROUND(SUMIFS($J$5:$J$201,$L$5:$L$201,"본안")*0.05,-5) | K202: =ROUND(J202/'05.전제조건'!$C$5,0) | L202: 본안 | M202: 무상(KOICA) | N202: =금액 자동계산(상위 본안 항목 합계 × 5%). 환율·물가 변동 대응
D204: 총 합 계 (본안 + 옵션) | J204: =SUM(J5:J202) | K204: =ROUND(J204/'05.전제조건'!$C$5,0)
D205: 본안(옵션 제외) 소계 | J205: =SUMIF($L$5:$L$202,"본안",$J$5:$J$202) | K205: =ROUND(J205/'05.전제조건'!$C$5,0)
D206: 옵션 소계 | J206: =SUMIF($L$5:$L$202,"옵션",$J$5:$J$202) | K206: =ROUND(J206/'05.전제조건'!$C$5,0)

Sheet 03.사업규모_시나리오
A1: 추진 시나리오 (3개 축)
A2: 규모 축소가 아니라 ① 재원 분담 ② 단계 분리 로 접근해야 합니다 — 총사업비의 40%가 건축·토목이라 품목 삭감만으로는 규모가 줄지 않습니다
A4: ■ 축 1 — 통합 완전패키지 (A안 · 기준안)
A5: 구분 | B5: 내용 | E5: 개산 금액(원) | F5: USD
A6: 범위 | B6: A~L 전 항목의 '본안' — 착유우 100두(총 180두) + 유가공 5톤/일 + IVF 실험실 + ICT + 기술전수 | E6: ='02.기자재_리스트업'!J205 | F6: =ROUND(E6/'05.전제조건'!$C$5,0)
A7: 옵션 추가 시 | B7: 착유로봇 1대 · UHT/ESL 라인 · 게이블탑 충전기 · ESS · 타임랩스 · 마이크로매니퓰레이터 · 개체별 급이기 | E7: ='02.기자재_리스트업'!J206 | F7: =ROUND(E7/'05.전제조건'!$C$5,0)
A8: 합계 | B8: 본안 + 옵션 전량 | E8: ='02.기자재_리스트업'!J204 | F8: =ROUND(E8/'05.전제조건'!$C$5,0)
A10: ■ 축 2 — 재원 분담 (B안 · ★ 실무 권고)
A11: 재원 | B11: 부담 범위 | E11: 개산 금액(원) | F11: USD
A12: 무상(KOICA) | B12: KOICA 무상원조 신청 범위 — 기자재·기술이전·교육 중심 (실험실, A.I./ET 기자재, 계측기자재, 착유설비, 농기계, 교육훈련, PMC) | E12: =SUMIFS('02.기자재_리스트업'!$J$5:$J$202,'02.기자재_리스트업'!$M$5:$M$202,"무상(KOICA)",'02.기자재_리스트업'!$L$5:$L$202,"본안") | F12: =ROUND(E12/'05.전제조건'!$C$5,0)
A13: 차관·현지부담 | B13: EDCF 양허성차관 또는 우즈벡측 부담 — 건축·토목·유가공 플랜트·태양광 (부지는 우즈벡측 무상제공 전제) | E13: =SUMIFS('02.기자재_리스트업'!$J$5:$J$202,'02.기자재_리스트업'!$M$5:$M$202,"차관·현지부담",'02.기자재_리스트업'!$L$5:$L$202,"본안") | F13: =ROUND(E13/'05.전제조건'!$C$5,0)
A14: 민간(제네틱스·D2O) | B14: 제네틱스·D2O 투자분 — 수정란·성감별정액·smaXtec 센서·CowTalk AI·Eco-BIT·D2O 베딩 (운영수익으로 회수) | E14: =SUMIFS('02.기자재_리스트업'!$J$5:$J$202,'02.기자재_리스트업'!$M$5:$M$202,"민간(제네틱스·D2O)",'02.기자재_리스트업'!$L$5:$L$202,"본안") | F14: =ROUND(E14/'05.전제조건'!$C$5,0)
A15: 합계 | E15: =SUM(E12:E14) | F15: =ROUND(E15/'05.전제조건'!$C$5,0)
B16: ★ 권고: KOICA에는 위 '무상' 범위만 신청하고, 건축·토목·유가공 플랜트는 우즈벡측 현물기여(In-kind)·차관으로 구성하십시오. 이 구조면 KOICA 표준 사업규모 안에 들어오고, 우즈벡측 주인의식(ownership)도 확보됩니다.
A18: ■ 축 3 — 단계 분리 (C안 · 유가공을 2단계 별도 사업으로)
A19: 단계 | B19: 범위 | E19: 개산 금액(원) | F19: USD
A20: 2단계 (유가공) | B20: E군 유가공 설비 전량 + 유가공공장동 건축 7.5억 + 유가공 기술전수 0.9억 + 미생물검사세트 0.6억 (직접비) + 설계감리·운송·PMC·예비비 배분분 | E20: =ROUND((SUMIFS('02.기자재_리스트업'!$J$5:$J$202,'02.기자재_리스트업'!$B$5:$B$202,"E. 유가공공장(5톤/일)",'02.기자재_리스트업'!$L$5:$L$202,"본안")+750000000+90000000+60000000)*1.1751,-6) | F20: =ROUND(E20/'05.전제조건'!$C$5,0)
A21: 1단계 (축산·유전개량·ICT) | B21: 스마트축사(180두) + 팔러착유 + 농기계·분뇨처리 + A.I./ET 기자재 + IVF 실험실 + ICT/CowTalk + 교육훈련 — 유가공 제외 | E21: ='02.기자재_리스트업'!J205-E20 | F21: =ROUND(E21/'05.전제조건'!$C$5,0)
B22: ※ 배분계수 1.1751 = 설계감리 7%(건축분) + 국제운송 8%(설비분) + PMC 4% + 예비비 5%의 누적 적용 결과. 1단계 성과(산유량·수태율·데이터) 확인 후 2단계 유가공을 후속 사업으로 제안하는 것이 승인 가능성이 가장 높습니다.

Sheet 04.연차별_집행계획
A1: 연차별 집행 계획 (36개월)
A2: 집행 비율은 계획치 — 계약·인허가 일정에 따라 조정
A4: 대분류 | B4: 1년차 (설계·건축) | C4: 2년차 (기자재·시운전) | D4: 3년차 (운영·기술전수) | E4: 합계(원)
A5: A. 건축·토목 | B5: =ROUND(SUMIFS('02.기자재_리스트업'!$J$5:$J$202,'02.기자재_리스트업'!$B$5:$B$202,"A. 건축·토목",'02.기자재_리스트업'!$L$5:$L$202,"본안")*0.6,-5) | C5: =ROUND(SUMIFS('02.기자재_리스트업'!$J$5:$J$202,'02.기자재_리스트업'!$B$5:$B$202,"A. 건축·토목",'02.기자재_리스트업'!$L$5:$L$202,"본안")*0.4,-5) | D5: =ROUND(SUMIFS('02.기자재_리스트업'!$J$5:$J$202,'02.기자재_리스트업'!$B$5:$B$202,"A. 건축·토목",'02.기자재_리스트업'!$L$5:$L$202,"본안")*0.0,-5) | E5: =SUM(B5:D5)
A6: B. 착유·집유 설비 | B6: =ROUND(SUMIFS('02.기자재_리스트업'!$J$5:$J$202,'02.기자재_리스트업'!$B$5:$B$202,"B. 착유·집유 설비",'02.기자재_리스트업'!$L$5:$L$202,"본안")*0.0,-5) | C6: =ROUND(SUMIFS('02.기자재_리스트업'!$J$5:$J$202,'02.기자재_리스트업'!$B$5:$B$202,"B. 착유·집유 설비",'02.기자재_리스트업'!$L$5:$L$202,"본안")*0.9,-5) | D6: =ROUND(SUMIFS('02.기자재_리스트업'!$J$5:$J$202,'02.기자재_리스트업'!$B$5:$B$202,"B. 착유·집유 설비",'02.기자재_리스트업'!$L$5:$L$202,"본안")*0.1,-5) | E6: =SUM(B6:D6)
A7: C. 사료·급이 설비 | B7: =ROUND(SUMIFS('02.기자재_리스트업'!$J$5:$J$202,'02.기자재_리스트업'!$B$5:$B$202,"C. 사료·급이 설비",'02.기자재_리스트업'!$L$5:$L$202,"본안")*0.0,-5) | C7: =ROUND(SUMIFS('02.기자재_리스트업'!$J$5:$J$202,'02.기자재_리스트업'!$B$5:$B$202,"C. 사료·급이 설비",'02.기자재_리스트업'!$L$5:$L$202,"본안")*0.9,-5) | D7: =ROUND(SUMIFS('02.기자재_리스트업'!$J$5:$J$202,'02.기자재_리스트업'!$B$5:$B$202,"C. 사료·급이 설비",'02.기자재_리스트업'!$L$5:$L$202,"본안")*0.1,-5) | E7: =SUM(B7:D7)
A8: D. 분뇨처리·농기계 | B8: =ROUND(SUMIFS('02.기자재_리스트업'!$J$5:$J$202,'02.기자재_리스트업'!$B$5:$B$202,"D. 분뇨처리·농기계",'02.기자재_리스트업'!$L$5:$L$202,"본안")*0.0,-5) | C8: =ROUND(SUMIFS('02.기자재_리스트업'!$J$5:$J$202,'02.기자재_리스트업'!$B$5:$B$202,"D. 분뇨처리·농기계",'02.기자재_리스트업'!$L$5:$L$202,"본안")*0.85,-5) | D8: =ROUND(SUMIFS('02.기자재_리스트업'!$J$5:$J$202,'02.기자재_리스트업'!$B$5:$B$202,"D. 분뇨처리·농기계",'02.기자재_리스트업'!$L$5:$L$202,"본안")*0.15,-5) | E8: =SUM(B8:D8)
A9: E. 유가공공장(5톤/일) | B9: =ROUND(SUMIFS('02.기자재_리스트업'!$J$5:$J$202,'02.기자재_리스트업'!$B$5:$B$202,"E. 유가공공장(5톤/일)",'02.기자재_리스트업'!$L$5:$L$202,"본안")*0.0,-5) | C9: =ROUND(SUMIFS('02.기자재_리스트업'!$J$5:$J$202,'02.기자재_리스트업'!$B$5:$B$202,"E. 유가공공장(5톤/일)",'02.기자재_리스트업'!$L$5:$L$202,"본안")*0.8,-5) | D9: =ROUND(SUMIFS('02.기자재_리스트업'!$J$5:$J$202,'02.기자재_리스트업'!$B$5:$B$202,"E. 유가공공장(5톤/일)",'02.기자재_리스트업'!$L$5:$L$202,"본안")*0.2,-5) | E9: =SUM(B9:D9)
A10: F. 원유·유제품 품질관리 | B10: =ROUND(SUMIFS('02.기자재_리스트업'!$J$5:$J$202,'02.기자재_리스트업'!$B$5:$B$202,"F. 원유·유제품 품질관리",'02.기자재_리스트업'!$L$5:$L$202,"본안")*0.0,-5) | C10: =ROUND(SUMIFS('02.기자재_리스트업'!$J$5:$J$202,'02.기자재_리스트업'!$B$5:$B$202,"F. 원유·유제품 품질관리",'02.기자재_리스트업'!$L$5:$L$202,"본안")*0.8,-5) | D10: =ROUND(SUMIFS('02.기자재_리스트업'!$J$5:$J$202,'02.기자재_리스트업'!$B$5:$B$202,"F. 원유·유제품 품질관리",'02.기자재_리스트업'!$L$5:$L$202,"본안")*0.2,-5) | E10: =SUM(B10:D10)
A11: G. 인공수정(A.I.) 기자재 | B11: =ROUND(SUMIFS('02.기자재_리스트업'!$J$5:$J$202,'02.기자재_리스트업'!$B$5:$B$202,"G. 인공수정(A.I.) 기자재",'02.기자재_리스트업'!$L$5:$L$202,"본안")*0.1,-5) | C11: =ROUND(SUMIFS('02.기자재_리스트업'!$J$5:$J$202,'02.기자재_리스트업'!$B$5:$B$202,"G. 인공수정(A.I.) 기자재",'02.기자재_리스트업'!$L$5:$L$202,"본안")*0.6,-5) | D11: =ROUND(SUMIFS('02.기자재_리스트업'!$J$5:$J$202,'02.기자재_리스트업'!$B$5:$B$202,"G. 인공수정(A.I.) 기자재",'02.기자재_리스트업'!$L$5:$L$202,"본안")*0.3,-5) | E11: =SUM(B11:D11)
A12: H. 수정란이식(ET) 기자재 | B12: =ROUND(SUMIFS('02.기자재_리스트업'!$J$5:$J$202,'02.기자재_리스트업'!$B$5:$B$202,"H. 수정란이식(ET) 기자재",'02.기자재_리스트업'!$L$5:$L$202,"본안")*0.05,-5) | C12: =ROUND(SUMIFS('02.기자재_리스트업'!$J$5:$J$202,'02.기자재_리스트업'!$B$5:$B$202,"H. 수정란이식(ET) 기자재",'02.기자재_리스트업'!$L$5:$L$202,"본안")*0.45,-5) | D12: =ROUND(SUMIFS('02.기자재_리스트업'!$J$5:$J$202,'02.기자재_리스트업'!$B$5:$B$202,"H. 수정란이식(ET) 기자재",'02.기자재_리스트업'!$L$5:$L$202,"본안")*0.5,-5) | E12: =SUM(B12:D12)
A13: I. 체외수정란(IVF) 실험실 | B13: =ROUND(SUMIFS('02.기자재_리스트업'!$J$5:$J$202,'02.기자재_리스트업'!$B$5:$B$202,"I. 체외수정란(IVF) 실험실",'02.기자재_리스트업'!$L$5:$L$202,"본안")*0.0,-5) | C13: =ROUND(SUMIFS('02.기자재_리스트업'!$J$5:$J$202,'02.기자재_리스트업'!$B$5:$B$202,"I. 체외수정란(IVF) 실험실",'02.기자재_리스트업'!$L$5:$L$202,"본안")*0.75,-5) | D13: =ROUND(SUMIFS('02.기자재_리스트업'!$J$5:$J$202,'02.기자재_리스트업'!$B$5:$B$202,"I. 체외수정란(IVF) 실험실",'02.기자재_리스트업'!$L$5:$L$202,"본안")*0.25,-5) | E13: =SUM(B13:D13)
A14: J. ICT·스마트팜 | B14: =ROUND(SUMIFS('02.기자재_리스트업'!$J$5:$J$202,'02.기자재_리스트업'!$B$5:$B$202,"J. ICT·스마트팜",'02.기자재_리스트업'!$L$5:$L$202,"본안")*0.1,-5) | C14: =ROUND(SUMIFS('02.기자재_리스트업'!$J$5:$J$202,'02.기자재_리스트업'!$B$5:$B$202,"J. ICT·스마트팜",'02.기자재_리스트업'!$L$5:$L$202,"본안")*0.55,-5) | D14: =ROUND(SUMIFS('02.기자재_리스트업'!$J$5:$J$202,'02.기자재_리스트업'!$B$5:$B$202,"J. ICT·스마트팜",'02.기자재_리스트업'!$L$5:$L$202,"본안")*0.35,-5) | E14: =SUM(B14:D14)
A15: K. 교육훈련·기술전수 | B15: =ROUND(SUMIFS('02.기자재_리스트업'!$J$5:$J$202,'02.기자재_리스트업'!$B$5:$B$202,"K. 교육훈련·기술전수",'02.기자재_리스트업'!$L$5:$L$202,"본안")*0.2,-5) | C15: =ROUND(SUMIFS('02.기자재_리스트업'!$J$5:$J$202,'02.기자재_리스트업'!$B$5:$B$202,"K. 교육훈련·기술전수",'02.기자재_리스트업'!$L$5:$L$202,"본안")*0.35,-5) | D15: =ROUND(SUMIFS('02.기자재_리스트업'!$J$5:$J$202,'02.기자재_리스트업'!$B$5:$B$202,"K. 교육훈련·기술전수",'02.기자재_리스트업'!$L$5:$L$202,"본안")*0.45,-5) | E15: =SUM(B15:D15)
A16: L. 사업관리·기타 | B16: =ROUND(SUMIFS('02.기자재_리스트업'!$J$5:$J$202,'02.기자재_리스트업'!$B$5:$B$202,"L. 사업관리·기타",'02.기자재_리스트업'!$L$5:$L$202,"본안")*0.35,-5) | C16: =ROUND(SUMIFS('02.기자재_리스트업'!$J$5:$J$202,'02.기자재_리스트업'!$B$5:$B$202,"L. 사업관리·기타",'02.기자재_리스트업'!$L$5:$L$202,"본안")*0.4,-5) | D16: =ROUND(SUMIFS('02.기자재_리스트업'!$J$5:$J$202,'02.기자재_리스트업'!$B$5:$B$202,"L. 사업관리·기타",'02.기자재_리스트업'!$L$5:$L$202,"본안")*0.25,-5) | E16: =SUM(B16:D16)
A17: 합 계 | B17: =SUM(B5:B16) | C17: =SUM(C5:C16) | D17: =SUM(D5:D16) | E17: =SUM(E5:E16)
A19: ■ 연차별 핵심 마일스톤
A20: 1년차 | B20: F/S 확정 → 실시설계 → 인허가·부지확보 → 건축 착공(우사·실험실·유가공동) → 수정란 수입 검역협의 착수 → 현지 인력 1기 한국 초청연수
A21: 2년차 | B21: 건축 준공 → 기자재 반입·설치·시운전 → smaXtec 센서 투여 → CowTalk AI 현지화 오픈 → 젖소 입식·착유 개시 → 유가공 시제품 생산 → 실험실 IVF 가동
A22: 3년차 | B22: 수정란이식 본격 시행 → 현지 수의사 인증과정 → 유가공 상업생산·유통 개시 → Eco-BIT 정부 대시보드 연계 → 성과평가 → 확산(2단계·타 주 확대) 제안

Sheet 05.전제조건
A1: 전제조건 · 단가 산정 근거
A2: ★ C5(환율)를 수정하면 전 시트의 USD 금액이 자동 갱신됩니다
B5: 적용 환율 (KRW / USD) | C5: 1380 | D5: ← 이 값만 바꾸면 전체 USD가 재계산됩니다 (가정치)
B8: ■ 산정 기준
B9: 가격 기준시점 | C9: 2026년 8월 | D9: 한국 시장가 / 최근 유사 ODA·국내 축산시설 사업 실적 참고
B10: 가격의 성격 | C10: 개산(槪算) 추정치 | D10: 확정 견적 아님. 실시설계 + 현지 3사 견적으로 반드시 재산정
B11: 건축비 단가 | C11: 우사 40만원/㎡, 팔러동 60만원/㎡, 실험실 150만원/㎡, 유가공동 150만원/㎡ | D11: 우즈벡 현지 노무비 반영(한국 대비 하향), 철골·판넬 등 주요자재는 수입 전제로 상향
B12: 기자재 단가 | C12: 한국 조달가 기준 (CIF 미포함) | D12: 국제운송·통관·보험은 L군에서 기자재비의 8%로 별도 계상
B13: 설계·감리 | C13: 건축공사비의 7% | D13: -
B14: PMC 사업관리비 | C14: 총사업비의 4% | D14: 36개월 사업관리
B15: 예비비 | C15: 총사업비의 5% | D15: 환율·물가·설계변경 대응
B17: ■ 규모 산정 근거
B18: 착유우 두수 | C18: 100두 | D18: 회장님 지시 규모. 2,700㎡에 총 180두 수용 시 두당 15㎡ (프리스톨 + 통로 + 대기장 포함)
B19: 원유 생산량(자가) | C19: 2.5톤/일 | D19: 100두 × 25kg/일 (홀스타인 개량 진행 후 목표치)
B20: 유가공 처리량 | C20: 5.0톤/일 | D20: 회장님 지시 규모 유지. 자가 2.5톤 + 인근 농가 집유 2.5톤 → 인근 집유 확보가 가동률의 전제
B21: 퇴비 처리량 | C21: 약 8.1톤/일 | D21: 180두 × 약 45kg/두/일 (분뇨 + 깔짚 혼합 기준) → 발효조 10톤/일
B22: smaXtec 센서 | C22: 180두 × 36개월 | D22: 공식 판매조건: 설치 500만원/목장 + 두당 월 12,000원 (4년 유지, 고장 시 무상교체)
B23: 수정란 공급 | C23: 3년간 600개 | D23: 자체 수란우 + 인근 농가 보급 이식분. 한국산 홀스타인 성감별 수정란
B24: 체외수정란 생산 | C24: 연 3,000개 (3년차) | D24: OPU + 도축장 난소 병행 — 파일럿 목표치
B26: ■ 반드시 검증이 필요한 항목
B27: ① 현지 건축 단가 | C27: 미확정 | D27: 우즈벡 현지 시공사 견적 3사 비교 필수 — 총사업비 변동폭이 가장 큰 항목
B28: ② 수정란 수입 검역요건 | C28: 미확정 | D28: 우즈벡 수의당국 Export Permit / Health Certificate 요건 사전확인 — 불가 시 사업구조 변경
B29: ③ 유제품 위생기준·인허가 | C29: 미확정 | D29: 우즈벡 유가공 영업허가·표시기준·유통기한 규정 확인
B30: ④ 전력·용수 인프라 | C30: 미확정 | D30: 부지 인근 수전용량 및 지하수 수질·수량 실사 필요
B31: ⑤ smaXtec 해외 공급조건 | C31: 미확정 | D31: 국내 공급조건 기준으로 산정 — 해외 반출·통신망 조건은 본사 협의 필요
B32: ⑧ 인근 농가 집유 가능량 | C32: 미확정 | D32: ★ 유가공 5톤/일 가동의 전제. 반경 30km 내 낙농가 호수·사육두수·원유량 실사 필요 — 확보 못하면 가동률 50%
B33: ⑨ 액체질소 현지 공급망 | C33: 미확정 | D33: ★ 질소발생기 미도입 결정에 따른 필수 검증항목. 공급업체·공급주기·단가·비상시 대체공급원 확인 후 3년 계약 체결
B34: ⑥ 원유·유제품 시장가격 | C34: 미확정 | D34: 우즈벡 현지 원유가·유제품 소비자가 조사 → 운영 수익성 모델 확정
B35: ⑦ 부지 확보 | C35: 미확정 | D35: 우즈벡측 무상 제공 전제로 계상 — 미제공 시 부지비 추가
B37: ■ 문서 취급 주의
B38: 대외 표현 | C38: 성과수치는 '기대목표(pilot target)'으로 표기 | D38: 산유량·수태율·악취저감 등은 검증 전 확정 표현 금지
B39: 유전자원 범위 | C39: 한국산 홀스타인 성감별(유용) 수정란·정액에 한정 | D39: 한우 유전자원은 본 사업의 대상이 아님
B40: 기술 표현 | C40: D2O 환경기술은 기능·성능 중심으로 기술 | D40: 원료 출처 등 세부 사항은 대외문서에 기재하지 않음
